SiteCode,MonthDay,p05,p10,p25,p50,p75,p90,p95
01505000,01-01,130.0,170,249,405,717,1110,1460.0
01505000,01-02,145.0,160,245,390,667,1120,1770.0
01505000,01-03,135.0,160,223,410,637,910,1590.0
01505000,01-04,130.0,168,229,410,654,1020,1390.0
01505000,01-05,125.0,160,220,400,633,1030,1200.0
01505000,01-06,118.0,159,220,390,611,905,997.0
01505000,01-07,122.0,150,220,386,620,860,970.0
01505000,01-08,125.0,150,215,350,540,760,1080.0
01505000,01-09,135.0,150,200,363,520,704,975.0
01505000,01-10,135.0,150,215,360,518,832,1180.0
01505000,01-11,140.0,155,220,344,495,961,1310.0
01505000,01-12,130.0,155,220,341,510,1010,1260.0
01505000,01-13,130.0,150,220,340,580,1010,1160.0
01505000,01-14,130.0,145,220,320,572,976,1310.0
01505000,01-15,135.0,150,200,348,630,953,1320.0
01505000,01-16,135.0,160,190,340,599,993,1080.0
01505000,01-17,130.0,145,190,324,577,757,929.0
01505000,01-18,120.0,140,199,310,562,756,877.0
01505000,01-19,116.0,135,200,310,545,690,955.0
01505000,01-20,112.0,140,200,290,508,800,1000.0
01505000,01-21,125.0,145,200,300,492,767,1040.0
01505000,01-22,130.0,150,190,310,497,800,969.0
01505000,01-23,135.0,150,190,320,500,894,1080.0
01505000,01-24,130.0,150,220,340,560,955,1500.0
01505000,01-25,135.0,150,210,360,659,1180,1620.0
01505000,01-26,135.0,145,207,340,660,1120,1670.0
01505000,01-27,130.0,140,210,361,740,1240,1960.0
01505000,01-28,125.0,140,200,320,668,1220,1420.0
01505000,01-29,120.0,130,200,330,640,900,1140.0
01505000,01-30,110.0,130,200,340,577,883,1050.0
01505000,01-31,106.0,125,200,320,500,800,1310.0
01505000,02-01,100.0,125,190,330,540,896,1300.0
01505000,02-02,100.0,125,185,320,546,843,1050.0
01505000,02-03,98.0,120,192,338,600,883,1160.0
01505000,02-04,98.0,120,190,300,560,861,1140.0
01505000,02-05,100.0,116,190,320,500,829,1160.0
01505000,02-06,100.0,130,190,301,477,760,1000.0
01505000,02-07,100.0,120,210,299,450,700,1030.0
01505000,02-08,104.0,130,205,290,446,720,900.0
01505000,02-09,102.0,125,200,270,410,720,828.0
01505000,02-10,100.0,120,198,260,410,684,962.0
01505000,02-11,110.0,130,195,280,420,670,1200.0
01505000,02-12,110.0,140,195,270,407,660,1180.0
01505000,02-13,120.0,150,190,270,413,777,1130.0
01505000,02-14,118.0,150,190,270,408,820,2030.0
01505000,02-15,100.0,160,191,280,410,780,1590.0
01505000,02-16,96.0,160,192,300,493,960,1950.0
01505000,02-17,98.0,150,195,303,500,920,1870.0
01505000,02-18,100.0,150,195,300,545,1210,1920.0
01505000,02-19,100.0,150,200,290,563,1090,1600.0
01505000,02-20,106.0,150,190,280,610,1280,1820.0
01505000,02-21,100.0,140,200,300,630,1250,2180.0
01505000,02-22,110.0,140,188,310,660,1030,1990.0
01505000,02-23,110.0,150,200,316,680,1270,1730.0
01505000,02-24,110.0,150,205,353,680,1490,2110.0
01505000,02-25,106.0,140,220,358,605,1670,2070.0
01505000,02-26,102.0,140,215,400,687,1380,1640.0
01505000,02-27,98.0,140,213,385,734,1330,1570.0
01505000,02-28,94.0,130,240,370,781,1150,1230.0
01505000,02-29,82.0,92,195,370,500,959,1510.0
01505000,03-01,92.0,150,220,367,742,1010,1670.0
01505000,03-02,90.0,140,220,366,690,1020,1340.0
01505000,03-03,120.0,150,230,390,640,1100,1430.0
01505000,03-04,110.0,170,225,399,719,1040,2120.0
01505000,03-05,110.0,155,248,431,683,1700,2280.0
01505000,03-06,130.0,169,242,468,875,1760,2610.0
01505000,03-07,110.0,167,230,500,1040,1920,2160.0
01505000,03-08,110.0,165,230,520,1060,1700,2660.0
01505000,03-09,130.0,163,258,500,1020,1800,2660.0
01505000,03-10,125.0,163,260,509,975,1980,2180.0
01505000,03-11,130.0,174,260,560,1020,1740,2520.0
01505000,03-12,162.0,193,368,592,1090,1820,2660.0
01505000,03-13,170.0,210,344,697,992,1590,2240.0
01505000,03-14,170.0,215,360,700,1010,1500,1970.0
01505000,03-15,160.0,226,397,720,1100,1550,1660.0
01505000,03-16,190.0,270,464,711,1120,1720,3040.0
01505000,03-17,220.0,301,426,656,1080,2330,3840.0
01505000,03-18,214.0,300,440,627,1080,1970,2490.0
01505000,03-19,280.0,313,420,660,1040,1490,2570.0
01505000,03-20,280.0,310,390,682,1020,1830,2290.0
01505000,03-21,240.0,310,430,680,1110,1610,2340.0
01505000,03-22,225.0,299,410,693,1220,1690,1920.0
01505000,03-23,230.0,280,405,672,1240,1530,2390.0
01505000,03-24,215.0,290,440,760,1230,1750,1970.0
01505000,03-25,230.0,291,412,827,1320,1920,2390.0
01505000,03-26,276.0,324,414,773,1280,2180,2470.0
01505000,03-27,261.0,320,485,802,1380,2030,2820.0
01505000,03-28,267.0,324,513,830,1280,1810,2710.0
01505000,03-29,270.0,358,553,839,1270,1940,2440.0
01505000,03-30,284.0,350,562,874,1330,1870,2840.0
01505000,03-31,290.0,350,522,812,1550,2380,4700.0
01505000,04-01,292.0,340,562,877,1580,2790,3440.0
01505000,04-02,329.0,445,608,965,1700,2500,3420.0
01505000,04-03,316.0,414,666,1010,1650,2610,3450.0
01505000,04-04,318.0,410,647,1010,1620,2550,3960.0
01505000,04-05,301.0,401,669,1050,1750,2800,4180.0
01505000,04-06,344.0,430,608,957,1690,2650,3960.0
01505000,04-07,336.0,478,629,953,1500,2480,3980.0
01505000,04-08,307.0,468,628,878,1400,2560,3150.0
01505000,04-09,291.0,431,634,789,1260,2120,2550.0
01505000,04-10,307.0,415,580,790,1250,2090,2710.0
01505000,04-11,272.0,427,565,783,1230,1960,2530.0
01505000,04-12,289.0,384,563,818,1150,1930,2300.0
01505000,04-13,308.0,342,514,785,1200,2030,2320.0
01505000,04-14,277.0,326,482,800,1120,1860,2320.0
01505000,04-15,282.0,336,496,730,1120,1840,2210.0
01505000,04-16,278.0,351,486,778,1070,1940,2550.0
01505000,04-17,255.0,325,459,752,1110,2120,2450.0
01505000,04-18,243.0,335,443,681,996,1850,1950.0
01505000,04-19,249.0,295,436,721,1020,1530,1980.0
01505000,04-20,227.0,284,447,669,1080,1490,2000.0
01505000,04-21,215.0,280,442,648,996,1440,1920.0
01505000,04-22,224.0,276,422,579,961,1590,1980.0
01505000,04-23,234.0,287,440,607,858,1300,1710.0
01505000,04-24,227.0,274,403,592,976,1300,1640.0
01505000,04-25,241.0,277,377,554,887,1270,1730.0
01505000,04-26,221.0,283,386,553,790,1170,1510.0
01505000,04-27,201.0,281,371,535,786,1020,1720.0
01505000,04-28,240.0,275,361,532,729,1110,1380.0
01505000,04-29,220.0,263,354,507,653,1060,1290.0
01505000,04-30,207.0,245,333,512,674,1050,1400.0
01505000,05-01,215.0,232,310,478,680,1040,1450.0
01505000,05-02,211.0,239,297,442,653,1010,1210.0
01505000,05-03,193.0,231,270,421,594,1040,1140.0
01505000,05-04,183.0,224,273,410,669,970,1300.0
01505000,05-05,175.0,207,255,396,642,972,1100.0
01505000,05-06,175.0,201,256,407,640,907,1260.0
01505000,05-07,173.0,191,260,387,650,856,1240.0
01505000,05-08,158.0,181,252,374,652,939,1270.0
01505000,05-09,157.0,174,236,391,612,1080,1240.0
01505000,05-10,150.0,173,242,421,581,945,1250.0
01505000,05-11,152.0,169,230,392,599,896,1230.0
01505000,05-12,160.0,177,244,370,651,838,1130.0
01505000,05-13,154.0,164,230,370,620,915,1090.0
01505000,05-14,142.0,162,226,352,569,854,1340.0
01505000,05-15,137.0,146,223,328,512,915,1060.0
01505000,05-16,127.0,143,221,356,546,885,1110.0
01505000,05-17,123.0,161,229,356,546,890,1140.0
01505000,05-18,119.0,152,218,306,488,869,987.0
01505000,05-19,113.0,151,220,310,534,856,1020.0
01505000,05-20,114.0,151,208,315,535,765,1020.0
01505000,05-21,118.0,144,208,308,503,820,1290.0
01505000,05-22,112.0,145,190,328,484,899,1280.0
01505000,05-23,132.0,143,182,319,457,907,1140.0
01505000,05-24,126.0,143,178,321,418,813,955.0
01505000,05-25,113.0,131,168,303,439,721,804.0
01505000,05-26,106.0,122,169,280,447,660,765.0
01505000,05-27,100.0,126,165,266,448,554,676.0
01505000,05-28,111.0,123,173,251,384,580,808.0
01505000,05-29,109.0,124,168,247,344,619,943.0
01505000,05-30,103.0,114,151,239,367,622,771.0
01505000,05-31,94.0,101,152,239,348,573,852.0
01505000,06-01,93.0,104,146,234,401,694,877.0
01505000,06-02,94.0,108,146,235,407,892,1190.0
01505000,06-03,87.0,107,157,219,348,787,990.0
01505000,06-04,81.0,100,144,201,349,791,1040.0
01505000,06-05,78.0,100,135,203,309,643,887.0
01505000,06-06,83.0,104,134,205,335,624,1060.0
01505000,06-07,82.0,100,129,220,401,688,869.0
01505000,06-08,82.0,91,130,197,368,575,874.0
01505000,06-09,77.0,90,121,184,340,670,754.0
01505000,06-10,73.0,85,126,191,312,630,854.0
01505000,06-11,67.0,82,119,189,277,619,821.0
01505000,06-12,70.0,76,117,176,305,521,633.0
01505000,06-13,67.0,76,122,169,316,512,665.0
01505000,06-14,64.0,89,121,166,300,473,735.0
01505000,06-15,64.0,77,111,160,298,565,709.0
01505000,06-16,64.0,79,102,157,323,480,985.0
01505000,06-17,60.0,78,100,170,315,549,777.0
01505000,06-18,59.0,78,98,164,302,546,788.0
01505000,06-19,58.0,76,94,153,288,452,566.0
01505000,06-20,62.0,74,94,143,276,427,546.0
01505000,06-21,59.0,67,89,141,282,487,562.0
01505000,06-22,52.0,67,88,140,269,460,627.0
01505000,06-23,56.0,65,94,144,242,415,701.0
01505000,06-24,56.0,62,91,141,215,385,801.0
01505000,06-25,57.0,58,86,136,234,439,570.0
01505000,06-26,50.0,61,81,129,256,508,678.0
01505000,06-27,48.0,61,83,126,247,414,923.0
01505000,06-28,50.0,57,79,127,232,450,1060.0
01505000,06-29,48.0,66,78,135,241,647,1170.0
01505000,06-30,43.0,59,81,124,262,706,1350.0
01505000,07-01,53.0,58,81,125,226,899,1120.0
01505000,07-02,49.0,55,73,123,255,728,1030.0
01505000,07-03,52.0,57,67,121,250,606,1020.0
01505000,07-04,49.0,52,64,127,221,618,860.0
01505000,07-05,42.0,50,65,112,244,406,705.0
01505000,07-06,42.0,50,64,106,251,491,630.0
01505000,07-07,39.0,48,69,102,224,389,562.0
01505000,07-08,38.0,44,66,91,272,531,582.0
01505000,07-09,36.0,42,66,104,233,479,565.0
01505000,07-10,35.0,48,64,98,208,400,526.0
01505000,07-11,33.0,47,63,105,195,339,499.0
01505000,07-12,32.0,44,64,103,204,423,597.0
01505000,07-13,32.0,44,62,102,194,364,528.0
01505000,07-14,34.0,45,59,97,196,294,557.0
01505000,07-15,41.0,46,59,101,176,392,516.0
01505000,07-16,39.0,45,62,93,164,354,544.0
01505000,07-17,36.0,45,58,96,164,388,486.0
01505000,07-18,34.0,44,55,86,136,374,431.0
01505000,07-19,38.0,44,56,84,142,343,440.0
01505000,07-20,37.0,43,55,86,147,308,427.0
01505000,07-21,33.0,41,57,93,148,282,366.0
01505000,07-22,32.0,40,53,97,145,313,452.0
01505000,07-23,33.0,40,55,94,148,286,600.0
01505000,07-24,34.0,40,53,97,172,305,538.0
01505000,07-25,31.0,37,56,110,149,436,546.0
01505000,07-26,30.0,40,55,97,142,266,532.0
01505000,07-27,30.0,40,54,92,148,304,465.0
01505000,07-28,29.0,40,55,87,145,303,461.0
01505000,07-29,30.0,41,55,89,145,348,411.0
01505000,07-30,31.0,39,53,93,170,322,426.0
01505000,07-31,30.0,38,58,87,173,301,541.0
01505000,08-01,29.0,38,56,92,156,285,451.0
01505000,08-02,30.0,37,57,86,138,284,405.0
01505000,08-03,31.0,39,52,83,139,240,456.0
01505000,08-04,32.0,42,52,90,174,432,465.0
01505000,08-05,33.0,40,54,90,157,326,412.0
01505000,08-06,32.0,36,56,88,154,260,358.0
01505000,08-07,32.0,35,55,84,142,231,317.0
01505000,08-08,32.0,34,55,84,138,239,292.0
01505000,08-09,32.0,36,55,81,123,260,324.0
01505000,08-10,29.0,39,60,87,128,255,328.0
01505000,08-11,28.0,36,58,87,133,297,334.0
01505000,08-12,27.0,35,55,81,127,250,310.0
01505000,08-13,26.0,34,52,76,126,235,331.0
01505000,08-14,30.0,34,49,74,118,336,605.0
01505000,08-15,29.0,34,48,73,116,227,519.0
01505000,08-16,28.0,37,49,72,118,216,533.0
01505000,08-17,27.0,36,48,71,120,234,500.0
01505000,08-18,29.0,37,50,68,119,390,630.0
01505000,08-19,26.0,35,47,68,120,467,586.0
01505000,08-20,27.0,34,46,69,125,367,479.0
01505000,08-21,26.0,30,45,66,122,330,484.0
01505000,08-22,26.0,30,44,68,136,287,411.0
01505000,08-23,25.0,33,45,68,129,283,512.0
01505000,08-24,26.0,33,46,68,113,254,408.0
01505000,08-25,30.0,33,49,66,103,237,371.0
01505000,08-26,30.0,36,47,67,107,210,367.0
01505000,08-27,31.0,34,44,64,132,265,442.0
01505000,08-28,32.0,33,42,61,131,232,398.0
01505000,08-29,31.0,33,45,62,136,343,585.0
01505000,08-30,30.0,34,43,66,141,305,545.0
01505000,08-31,29.0,34,47,68,132,335,406.0
01505000,09-01,28.0,34,48,70,123,253,306.0
01505000,09-02,31.0,34,47,66,126,247,595.0
01505000,09-03,32.0,33,49,62,127,235,480.0
01505000,09-04,31.0,33,49,66,116,224,423.0
01505000,09-05,30.0,35,47,64,113,268,445.0
01505000,09-06,28.0,36,46,64,127,248,376.0
01505000,09-07,28.0,34,47,61,124,209,330.0
01505000,09-08,27.0,35,42,60,108,215,280.0
01505000,09-09,26.0,35,44,62,106,185,224.0
01505000,09-10,25.0,34,42,66,118,228,497.0
01505000,09-11,25.0,32,43,71,110,271,680.0
01505000,09-12,28.0,31,44,66,114,351,442.0
01505000,09-13,28.0,31,46,66,111,288,475.0
01505000,09-14,25.0,30,46,73,119,324,359.0
01505000,09-15,25.0,32,50,74,125,248,495.0
01505000,09-16,24.0,35,51,77,114,259,400.0
01505000,09-17,24.0,35,47,77,110,232,359.0
01505000,09-18,23.0,36,45,73,110,251,408.0
01505000,09-19,23.0,35,48,72,121,293,618.0
01505000,09-20,24.0,34,44,72,144,328,452.0
01505000,09-21,24.0,33,46,69,128,304,559.0
01505000,09-22,23.0,32,47,69,158,315,476.0
01505000,09-23,22.0,30,47,69,172,380,566.0
01505000,09-24,21.0,32,49,68,156,383,687.0
01505000,09-25,21.0,33,47,79,172,355,848.0
01505000,09-26,21.0,33,46,75,151,338,683.0
01505000,09-27,22.0,30,49,78,150,540,847.0
01505000,09-28,23.0,34,48,78,176,592,772.0
01505000,09-29,24.0,34,48,73,172,490,988.0
01505000,09-30,27.0,32,49,74,191,415,792.0
01505000,10-01,27.0,31,48,77,183,390,675.0
01505000,10-02,26.0,33,49,77,175,363,1220.0
01505000,10-03,26.0,36,51,73,165,402,941.0
01505000,10-04,26.0,39,51,72,157,698,765.0
01505000,10-05,26.0,39,50,73,145,610,998.0
01505000,10-06,36.0,39,51,76,156,542,866.0
01505000,10-07,33.0,39,54,90,175,526,738.0
01505000,10-08,34.0,42,56,98,187,483,674.0
01505000,10-09,33.0,41,58,96,176,435,1020.0
01505000,10-10,31.0,40,56,94,177,415,1110.0
01505000,10-11,30.0,39,56,89,157,473,842.0
01505000,10-12,31.0,41,55,86,162,385,809.0
01505000,10-13,29.0,41,54,83,178,476,710.0
01505000,10-14,29.0,40,55,85,208,501,638.0
01505000,10-15,28.0,39,57,90,236,571,677.0
01505000,10-16,29.0,40,55,91,230,637,987.0
01505000,10-17,29.0,41,57,93,274,755,842.0
01505000,10-18,29.0,43,58,91,295,710,946.0
01505000,10-19,29.0,42,58,96,300,604,765.0
01505000,10-20,29.0,43,58,100,269,592,978.0
01505000,10-21,38.0,44,63,105,254,532,1640.0
01505000,10-22,37.0,45,66,100,259,644,1040.0
01505000,10-23,37.0,43,70,100,356,811,998.0
01505000,10-24,35.0,42,69,110,369,696,829.0
01505000,10-25,35.0,45,69,130,376,657,953.0
01505000,10-26,36.0,46,69,189,367,653,1230.0
01505000,10-27,35.0,45,67,173,384,731,1090.0
01505000,10-28,37.0,43,65,168,440,845,1470.0
01505000,10-29,40.0,50,66,170,422,856,1220.0
01505000,10-30,42.0,52,82,171,450,756,1050.0
01505000,10-31,39.0,56,81,165,414,674,1080.0
01505000,11-01,38.0,58,88,195,414,700,940.0
01505000,11-02,44.0,54,91,186,386,747,880.0
01505000,11-03,48.0,60,93,218,427,724,1070.0
01505000,11-04,47.0,64,99,237,441,645,864.0
01505000,11-05,45.0,66,116,237,474,608,752.0
01505000,11-06,47.0,75,116,250,465,675,893.0
01505000,11-07,49.0,81,124,266,486,630,724.0
01505000,11-08,58.0,82,128,256,439,648,878.0
01505000,11-09,64.0,84,146,241,442,721,915.0
01505000,11-10,63.0,81,144,248,457,672,1180.0
01505000,11-11,77.0,86,140,259,447,576,929.0
01505000,11-12,78.0,90,138,255,419,772,990.0
01505000,11-13,72.0,90,140,270,417,711,820.0
01505000,11-14,76.0,91,147,289,394,654,800.0
01505000,11-15,66.0,89,153,292,432,674,805.0
01505000,11-16,66.0,88,162,306,496,867,980.0
01505000,11-17,64.0,90,156,289,578,811,1100.0
01505000,11-18,62.0,88,157,316,504,842,988.0
01505000,11-19,59.0,84,148,313,464,716,871.0
01505000,11-20,64.0,84,138,331,510,728,853.0
01505000,11-21,63.0,100,156,330,542,815,1110.0
01505000,11-22,66.0,102,177,310,522,674,885.0
01505000,11-23,77.0,101,178,340,550,726,1060.0
01505000,11-24,88.0,123,176,330,559,723,927.0
01505000,11-25,84.0,116,195,338,529,785,855.0
01505000,11-26,99.0,114,191,352,549,748,1100.0
01505000,11-27,91.0,110,197,390,569,876,1420.0
01505000,11-28,82.0,108,190,392,550,921,1220.0
01505000,11-29,98.0,137,215,433,543,901,1260.0
01505000,11-30,100.0,127,245,405,535,982,1220.0
01505000,12-01,94.0,124,238,399,588,928,1210.0
01505000,12-02,90.0,125,218,383,539,1060,1570.0
01505000,12-03,94.0,116,220,370,570,960,1130.0
01505000,12-04,96.0,141,216,380,613,987,1540.0
01505000,12-05,110.0,139,238,388,635,944,1480.0
01505000,12-06,100.0,141,230,387,689,951,1210.0
01505000,12-07,122.0,167,272,387,660,899,1000.0
01505000,12-08,116.0,167,277,403,613,788,1280.0
01505000,12-09,95.0,185,260,414,643,820,1100.0
01505000,12-10,102.0,180,269,460,623,1010,1290.0
01505000,12-11,110.0,189,262,458,636,1130,1370.0
01505000,12-12,114.0,180,268,449,600,1020,1220.0
01505000,12-13,110.0,185,292,425,635,1120,1380.0
01505000,12-14,100.0,190,270,412,605,894,1020.0
01505000,12-15,116.0,200,240,397,591,811,1130.0
01505000,12-16,100.0,200,230,360,588,830,1070.0
01505000,12-17,90.0,180,235,360,560,797,966.0
01505000,12-18,102.0,190,245,364,585,808,1040.0
01505000,12-19,120.0,170,235,350,538,894,1220.0
01505000,12-20,112.0,175,249,370,525,800,900.0
01505000,12-21,133.0,175,242,370,540,975,1270.0
01505000,12-22,133.0,180,239,350,525,940,1250.0
01505000,12-23,131.0,175,245,360,620,967,1200.0
01505000,12-24,145.0,175,260,384,586,1050,1270.0
01505000,12-25,150.0,182,255,410,635,921,1510.0
01505000,12-26,145.0,185,250,380,631,791,1180.0
01505000,12-27,150.0,180,260,387,583,912,1260.0
01505000,12-28,160.0,178,270,388,609,1010,1220.0
01505000,12-29,155.0,180,260,380,657,1060,1700.0
01505000,12-30,159.0,175,250,392,695,1300,1740.0
01505000,12-31,130.0,170,250,380,728,1230,1530.0
01507000,01-01,277.0,340,438,920,1790,3070,3450.0
01507000,01-02,251.0,303,425,951,1620,2830,3990.0
01507000,01-03,225.0,314,477,902,1650,2460,3660.0
01507000,01-04,207.0,312,479,959,1650,2440,3160.0
01507000,01-05,211.0,312,480,849,1600,2300,2850.0
01507000,01-06,215.0,301,487,810,1640,2040,2480.0
01507000,01-07,230.0,274,475,886,1480,2230,3570.0
01507000,01-08,205.0,282,451,827,1300,2090,3440.0
01507000,01-09,196.0,310,436,784,1210,1750,1950.0
01507000,01-10,202.0,301,487,812,1260,1830,2310.0
01507000,01-11,185.0,292,470,840,1180,2750,3180.0
01507000,01-12,191.0,291,512,870,1170,2390,2540.0
01507000,01-13,194.0,302,492,820,1310,2260,4670.0
01507000,01-14,199.0,282,487,720,1060,2950,3500.0
01507000,01-15,209.0,271,455,720,1180,2090,2850.0
01507000,01-16,202.0,272,477,700,1310,2130,2820.0
01507000,01-17,194.0,253,505,650,1360,1840,2050.0
01507000,01-18,189.0,242,480,679,1340,1700,2160.0
01507000,01-19,175.0,240,448,701,1200,1650,2170.0
01507000,01-20,173.0,235,445,639,1070,1790,2280.0
01507000,01-21,196.0,282,468,616,1060,1930,2470.0
01507000,01-22,205.0,275,475,644,1040,2100,2710.0
01507000,01-23,211.0,266,464,625,1090,1900,3360.0
01507000,01-24,213.0,259,465,630,1460,2570,4310.0
01507000,01-25,215.0,260,450,700,2280,3450,4280.0
01507000,01-26,220.0,268,449,710,2200,3780,5800.0
01507000,01-27,221.0,322,410,810,2070,3210,4980.0
01507000,01-28,213.0,312,433,820,1800,3300,4170.0
01507000,01-29,200.0,302,400,760,1590,2430,2960.0
01507000,01-30,192.0,291,407,700,1430,1840,2350.0
01507000,01-31,184.0,291,405,711,1360,2300,3930.0
01507000,02-01,171.0,281,410,740,1420,2090,3980.0
01507000,02-02,160.0,271,417,769,1460,2080,3000.0
01507000,02-03,155.0,261,417,721,1260,2120,2860.0
01507000,02-04,148.0,242,417,697,1410,2210,2430.0
01507000,02-05,143.0,250,398,716,1230,1760,2070.0
01507000,02-06,151.0,244,398,690,1200,1500,2240.0
01507000,02-07,185.0,228,414,758,1130,1530,2550.0
01507000,02-08,210.0,321,407,690,1030,1790,3380.0
01507000,02-09,203.0,303,407,670,967,1640,2970.0
01507000,02-10,203.0,291,400,686,891,1470,3070.0
01507000,02-11,237.0,323,398,700,1120,1570,2620.0
01507000,02-12,229.0,321,378,655,1130,1740,2220.0
01507000,02-13,238.0,321,386,637,929,1860,2780.0
01507000,02-14,249.0,341,420,610,985,2180,2700.0
01507000,02-15,261.0,302,449,600,882,2200,2730.0
01507000,02-16,250.0,291,489,670,1170,1850,3960.0
01507000,02-17,276.0,335,455,716,1180,1890,3030.0
01507000,02-18,270.0,330,495,711,1230,1830,3140.0
01507000,02-19,260.0,338,489,696,1260,1830,2530.0
01507000,02-20,274.0,392,480,640,1310,2280,3140.0
01507000,02-21,256.0,380,460,620,1330,2500,4350.0
01507000,02-22,260.0,334,460,700,1440,3820,5240.0
01507000,02-23,278.0,328,460,720,1750,3240,3930.0
01507000,02-24,274.0,332,458,742,1820,3640,4340.0
01507000,02-25,256.0,306,470,790,1700,4080,5280.0
01507000,02-26,270.0,302,490,900,1630,3940,4820.0
01507000,02-27,260.0,312,500,829,1820,3110,3880.0
01507000,02-28,246.0,342,501,826,1700,2860,3360.0
01507000,02-29,,256,388,785,1330,2230,
01507000,03-01,246.0,334,490,907,1600,2490,4010.0
01507000,03-02,262.0,342,463,930,1500,2420,3480.0
01507000,03-03,278.0,340,470,920,1600,2450,2960.0
01507000,03-04,318.0,364,500,866,1600,2440,3660.0
01507000,03-05,322.0,351,520,935,1640,3380,4250.0
01507000,03-06,333.0,366,554,1080,2830,4340,5120.0
01507000,03-07,332.0,402,529,1020,2700,5090,6480.0
01507000,03-08,314.0,400,551,1000,2270,5830,6590.0
01507000,03-09,312.0,384,612,1040,2340,4090,7080.0
01507000,03-10,338.0,374,624,1000,2280,5370,6120.0
01507000,03-11,336.0,406,620,1170,2360,4200,5340.0
01507000,03-12,360.0,434,679,1510,2600,4210,7410.0
01507000,03-13,402.0,504,680,1440,2800,5260,6780.0
01507000,03-14,400.0,544,818,1620,2530,3250,4870.0
01507000,03-15,402.0,520,820,1730,2320,3370,3690.0
01507000,03-16,472.0,534,968,1720,2350,3440,4550.0
01507000,03-17,477.0,569,1000,1510,2880,6280,7890.0
01507000,03-18,469.0,581,960,1480,2560,7120,8610.0
01507000,03-19,504.0,694,920,1400,2390,5580,6410.0
01507000,03-20,552.0,715,920,1520,2280,4370,5960.0
01507000,03-21,604.0,756,920,1560,2360,3830,5270.0
01507000,03-22,608.0,774,940,1490,2680,3740,5750.0
01507000,03-23,648.0,740,920,1430,2790,3580,5930.0
01507000,03-24,613.0,753,890,1460,2650,4020,5460.0
01507000,03-25,614.0,741,957,1810,3080,4170,5100.0
01507000,03-26,619.0,731,980,1880,3150,4250,6010.0
01507000,03-27,602.0,674,1040,1860,3080,4370,6320.0
01507000,03-28,604.0,696,1120,1850,2880,4010,5290.0
01507000,03-29,667.0,690,1290,1850,2590,4450,6410.0
01507000,03-30,652.0,779,1320,1960,2470,4320,5760.0
01507000,03-31,629.0,782,1260,1870,3800,5940,6570.0
01507000,04-01,643.0,720,1300,1930,3350,6090,9320.0
01507000,04-02,720.0,859,1270,1960,3910,5480,8060.0
01507000,04-03,702.0,881,1470,2080,3940,5550,7200.0
01507000,04-04,632.0,837,1360,2110,3640,6040,7480.0
01507000,04-05,635.0,756,1400,2200,4360,6970,11300.0
01507000,04-06,666.0,832,1300,2210,4300,7290,9730.0
01507000,04-07,681.0,992,1390,2180,3760,8590,9480.0
01507000,04-08,633.0,1080,1420,2260,3940,7430,8620.0
01507000,04-09,606.0,1070,1390,1950,3380,6220,6430.0
01507000,04-10,650.0,1060,1360,1760,3420,4840,7720.0
01507000,04-11,605.0,989,1260,1790,2800,4490,6670.0
01507000,04-12,648.0,913,1130,2170,2500,4400,5110.0
01507000,04-13,667.0,868,1280,1980,2540,4160,4540.0
01507000,04-14,629.0,829,1180,1850,2590,3980,4250.0
01507000,04-15,603.0,729,1120,1750,2530,3610,4440.0
01507000,04-16,654.0,748,1080,1540,2510,3950,4690.0
01507000,04-17,606.0,803,1160,1520,2450,4340,5430.0
01507000,04-18,536.0,765,1060,1460,2070,3980,4970.0
01507000,04-19,502.0,690,1130,1510,2010,3670,3970.0
01507000,04-20,481.0,634,1100,1530,2100,3170,4090.0
01507000,04-21,463.0,608,1100,1460,2600,3300,4760.0
01507000,04-22,424.0,646,995,1440,2590,3580,4720.0
01507000,04-23,490.0,701,1000,1440,2430,3510,4250.0
01507000,04-24,443.0,663,942,1480,2160,2990,3350.0
01507000,04-25,556.0,631,917,1320,2040,2860,4420.0
01507000,04-26,629.0,689,985,1350,1850,2820,3760.0
01507000,04-27,551.0,667,1080,1340,1860,2470,3740.0
01507000,04-28,532.0,666,936,1370,1840,2380,2960.0
01507000,04-29,543.0,647,875,1230,1610,2520,2980.0
01507000,04-30,493.0,591,905,1240,1490,2620,3210.0
01507000,05-01,481.0,554,798,1210,1840,2990,3830.0
01507000,05-02,469.0,580,827,1090,1670,2650,3360.0
01507000,05-03,432.0,532,737,1060,1470,2430,3010.0
01507000,05-04,404.0,497,680,1040,1710,2420,2950.0
01507000,05-05,391.0,460,682,935,1600,2400,2730.0
01507000,05-06,368.0,441,651,946,1420,2600,3100.0
01507000,05-07,345.0,426,607,945,1500,2100,3190.0
01507000,05-08,366.0,444,594,877,1490,2870,4020.0
01507000,05-09,346.0,430,629,890,1510,2750,3250.0
01507000,05-10,354.0,447,591,971,1480,2180,3160.0
01507000,05-11,413.0,453,612,915,1570,2360,3280.0
01507000,05-12,379.0,506,659,867,1510,2010,2760.0
01507000,05-13,358.0,456,657,871,1390,2240,3040.0
01507000,05-14,350.0,414,614,796,1330,2370,2920.0
01507000,05-15,349.0,439,569,880,1420,2080,2620.0
01507000,05-16,311.0,423,572,860,1500,2140,2470.0
01507000,05-17,306.0,422,578,916,1300,1710,2430.0
01507000,05-18,291.0,392,529,794,1220,2030,2630.0
01507000,05-19,272.0,388,554,847,1390,2000,2280.0
01507000,05-20,261.0,372,541,847,1410,1910,2330.0
01507000,05-21,250.0,355,498,883,1430,1740,2280.0
01507000,05-22,258.0,345,509,832,1260,1780,2860.0
01507000,05-23,283.0,350,453,893,1190,1800,2990.0
01507000,05-24,290.0,348,502,772,1070,2040,2310.0
01507000,05-25,275.0,327,455,711,1000,1720,1980.0
01507000,05-26,248.0,323,414,719,1030,1630,2290.0
01507000,05-27,231.0,293,383,705,1020,1470,2780.0
01507000,05-28,245.0,289,377,619,908,1220,2850.0
01507000,05-29,259.0,271,390,572,968,1400,2420.0
01507000,05-30,239.0,262,382,565,885,2100,2850.0
01507000,05-31,223.0,240,365,548,813,1660,2250.0
01507000,06-01,211.0,224,334,536,792,1570,1680.0
01507000,06-02,207.0,218,345,504,982,1520,2390.0
01507000,06-03,199.0,232,334,519,819,1900,3280.0
01507000,06-04,195.0,225,325,496,971,1810,2690.0
01507000,06-05,197.0,232,305,456,832,1600,2250.0
01507000,06-06,202.0,220,289,438,986,1530,2010.0
01507000,06-07,190.0,210,304,463,806,1420,2580.0
01507000,06-08,182.0,196,299,535,702,1770,2390.0
01507000,06-09,177.0,187,299,485,692,1820,1960.0
01507000,06-10,172.0,192,281,449,840,1490,1930.0
01507000,06-11,162.0,190,256,499,853,1540,2450.0
01507000,06-12,158.0,191,271,447,783,1530,2450.0
01507000,06-13,153.0,186,264,422,877,1630,2120.0
01507000,06-14,155.0,176,279,421,865,1460,2350.0
01507000,06-15,158.0,173,266,439,785,1660,2880.0
01507000,06-16,163.0,173,255,392,824,1650,2350.0
01507000,06-17,153.0,167,230,364,739,1540,2090.0
01507000,06-18,148.0,170,220,380,857,1060,1800.0
01507000,06-19,145.0,166,215,365,784,1240,1450.0
01507000,06-20,146.0,160,218,337,686,1120,1820.0
01507000,06-21,145.0,155,205,319,662,964,1600.0
01507000,06-22,135.0,149,190,303,598,1420,2390.0
01507000,06-23,125.0,140,197,307,539,1360,1950.0
01507000,06-24,119.0,135,201,302,544,1090,2360.0
01507000,06-25,116.0,135,194,330,680,1080,2000.0
01507000,06-26,117.0,132,198,357,640,1030,1350.0
01507000,06-27,117.0,137,200,318,569,944,1530.0
01507000,06-28,113.0,128,204,340,536,1070,2500.0
01507000,06-29,109.0,144,199,328,501,1310,2600.0
01507000,06-30,108.0,142,185,330,542,1080,2030.0
01507000,07-01,107.0,135,192,310,521,1010,2530.0
01507000,07-02,102.0,131,183,295,510,1480,2510.0
01507000,07-03,104.0,125,178,275,653,1270,2030.0
01507000,07-04,101.0,127,163,270,593,1360,1690.0
01507000,07-05,102.0,119,157,286,561,1020,1600.0
01507000,07-06,95.0,113,159,323,488,875,1140.0
01507000,07-07,88.0,105,149,320,492,849,966.0
01507000,07-08,86.0,105,145,269,469,799,1670.0
01507000,07-09,82.0,103,143,244,450,859,1940.0
01507000,07-10,84.0,109,152,233,489,1060,1860.0
01507000,07-11,83.0,106,154,252,465,873,1580.0
01507000,07-12,80.0,97,142,256,486,778,1560.0
01507000,07-13,79.0,102,139,260,492,837,1580.0
01507000,07-14,76.0,98,137,242,483,976,1430.0
01507000,07-15,71.0,95,139,246,380,658,1610.0
01507000,07-16,69.0,99,134,237,433,559,1030.0
01507000,07-17,73.0,99,127,222,384,771,1000.0
01507000,07-18,72.0,96,121,202,379,701,1080.0
01507000,07-19,78.0,92,129,204,317,631,1180.0
01507000,07-20,73.0,89,128,185,295,878,1450.0
01507000,07-21,71.0,83,134,198,287,1170,1490.0
01507000,07-22,66.0,86,133,199,355,808,1380.0
01507000,07-23,64.0,84,124,207,379,1060,1820.0
01507000,07-24,68.0,83,120,212,370,732,1240.0
01507000,07-25,65.0,82,128,217,440,794,1460.0
01507000,07-26,65.0,79,138,213,460,808,1230.0
01507000,07-27,65.0,76,124,214,341,766,1050.0
01507000,07-28,67.0,75,118,199,319,651,911.0
01507000,07-29,65.0,76,121,190,290,732,1030.0
01507000,07-30,67.0,77,120,186,330,599,884.0
01507000,07-31,66.0,89,135,205,364,499,706.0
01507000,08-01,66.0,79,135,212,390,563,709.0
01507000,08-02,65.0,81,125,215,365,526,654.0
01507000,08-03,63.0,79,120,200,314,518,607.0
01507000,08-04,63.0,82,127,179,329,414,465.0
01507000,08-05,62.0,80,127,190,331,594,819.0
01507000,08-06,62.0,79,127,190,310,484,632.0
01507000,08-07,62.0,76,140,190,284,448,538.0
01507000,08-08,61.0,71,130,196,284,446,464.0
01507000,08-09,58.0,68,126,179,307,406,1280.0
01507000,08-10,55.0,73,129,192,306,389,1200.0
01507000,08-11,54.0,75,125,201,294,501,1430.0
01507000,08-12,56.0,80,133,200,306,479,998.0
01507000,08-13,57.0,79,130,185,272,719,854.0
01507000,08-14,56.0,77,130,179,235,674,1110.0
01507000,08-15,57.0,82,123,166,260,534,866.0
01507000,08-16,60.0,78,121,160,280,534,619.0
01507000,08-17,61.0,81,114,171,241,463,569.0
01507000,08-18,62.0,80,116,163,336,470,1420.0
01507000,08-19,63.0,75,110,156,321,619,1420.0
01507000,08-20,59.0,77,111,167,283,880,1160.0
01507000,08-21,57.0,74,106,165,297,779,899.0
01507000,08-22,54.0,76,96,162,306,707,838.0
01507000,08-23,54.0,75,89,153,321,639,1160.0
01507000,08-24,59.0,71,93,147,304,527,1230.0
01507000,08-25,70.0,74,102,160,267,473,785.0
01507000,08-26,70.0,74,98,160,257,524,681.0
01507000,08-27,69.0,71,94,152,254,555,851.0
01507000,08-28,67.0,70,92,158,338,636,1400.0
01507000,08-29,64.0,66,89,165,353,706,765.0
01507000,08-30,63.0,70,92,181,301,617,1040.0
01507000,08-31,62.0,72,108,182,302,570,761.0
01507000,09-01,61.0,70,112,170,371,520,1240.0
01507000,09-02,61.0,70,104,165,332,510,1750.0
01507000,09-03,59.0,70,98,168,279,494,1940.0
01507000,09-04,63.0,71,97,161,262,449,1280.0
01507000,09-05,63.0,68,97,166,229,473,985.0
01507000,09-06,59.0,76,99,151,225,499,1090.0
01507000,09-07,57.0,75,98,144,241,463,893.0
01507000,09-08,54.0,74,97,143,266,397,803.0
01507000,09-09,52.0,71,92,140,257,397,683.0
01507000,09-10,52.0,70,98,141,273,532,623.0
01507000,09-11,53.0,69,102,148,248,866,1680.0
01507000,09-12,52.0,70,99,145,251,1330,1830.0
01507000,09-13,52.0,72,99,142,239,1000,1900.0
01507000,09-14,53.0,76,92,147,250,690,1370.0
01507000,09-15,55.0,76,98,142,317,705,1180.0
01507000,09-16,54.0,73,94,147,342,750,1370.0
01507000,09-17,51.0,71,93,150,340,599,1120.0
01507000,09-18,52.0,70,90,152,273,709,1010.0
01507000,09-19,52.0,73,96,147,292,675,1540.0
01507000,09-20,50.0,74,91,145,301,638,1060.0
01507000,09-21,48.0,72,90,145,306,708,1370.0
01507000,09-22,48.0,75,86,142,281,640,1160.0
01507000,09-23,48.0,70,95,140,350,732,991.0
01507000,09-24,49.0,73,100,135,275,984,1600.0
01507000,09-25,48.0,73,105,157,415,938,1710.0
01507000,09-26,47.0,70,103,158,361,703,1370.0
01507000,09-27,50.0,68,102,150,332,725,1320.0
01507000,09-28,50.0,68,102,140,354,993,2830.0
01507000,09-29,48.0,66,102,135,292,900,2640.0
01507000,09-30,52.0,66,99,157,332,820,1570.0
01507000,10-01,57.0,64,105,146,373,1070,1860.0
01507000,10-02,60.0,68,110,151,351,892,2840.0
01507000,10-03,59.0,76,106,153,329,718,2930.0
01507000,10-04,57.0,83,104,160,287,1200,2220.0
01507000,10-05,58.0,83,109,157,324,1540,2490.0
01507000,10-06,67.0,81,108,153,323,1380,2240.0
01507000,10-07,67.0,88,110,160,570,1560,1780.0
01507000,10-08,65.0,88,112,182,606,1460,1770.0
01507000,10-09,64.0,86,113,185,555,1000,1340.0
01507000,10-10,63.0,87,112,179,446,856,1160.0
01507000,10-11,61.0,88,106,173,395,839,1540.0
01507000,10-12,60.0,84,102,171,363,792,1300.0
01507000,10-13,59.0,80,105,167,365,792,1310.0
01507000,10-14,56.0,79,112,172,407,722,1330.0
01507000,10-15,56.0,78,110,189,431,855,1630.0
01507000,10-16,58.0,77,111,179,416,1530,1890.0
01507000,10-17,54.0,75,107,175,428,1880,2590.0
01507000,10-18,54.0,75,106,190,477,1600,1970.0
01507000,10-19,55.0,76,108,201,535,1300,1400.0
01507000,10-20,57.0,74,118,214,555,1100,1270.0
01507000,10-21,57.0,76,125,223,626,974,1240.0
01507000,10-22,57.0,85,135,206,552,1130,1430.0
01507000,10-23,58.0,84,134,210,567,1240,1700.0
01507000,10-24,58.0,82,139,223,757,1270,1410.0
01507000,10-25,61.0,79,142,271,749,1440,1860.0
01507000,10-26,64.0,80,140,333,859,1340,1720.0
01507000,10-27,63.0,81,139,365,908,1590,2260.0
01507000,10-28,64.0,85,142,350,833,1930,3020.0
01507000,10-29,64.0,90,138,348,812,2340,3590.0
01507000,10-30,68.0,87,158,405,964,2050,2510.0
01507000,10-31,66.0,95,165,398,1120,1820,2450.0
01507000,11-01,65.0,97,174,425,983,1850,3030.0
01507000,11-02,69.0,95,193,413,904,1620,2290.0
01507000,11-03,78.0,101,205,462,948,1700,3410.0
01507000,11-04,78.0,103,205,444,941,2050,2930.0
01507000,11-05,76.0,109,210,426,911,1860,2280.0
01507000,11-06,73.0,119,237,436,845,1640,2290.0
01507000,11-07,84.0,119,291,525,963,1450,2170.0
01507000,11-08,98.0,153,344,520,966,1630,2890.0
01507000,11-09,99.0,156,315,536,943,1830,2630.0
01507000,11-10,102.0,154,328,531,863,1560,2270.0
01507000,11-11,106.0,151,300,560,888,1510,1870.0
01507000,11-12,112.0,160,364,573,969,1480,1770.0
01507000,11-13,113.0,165,343,556,975,1430,1780.0
01507000,11-14,114.0,152,342,550,935,1410,2170.0
01507000,11-15,112.0,159,368,587,851,1700,2100.0
01507000,11-16,108.0,162,375,581,951,1880,2200.0
01507000,11-17,104.0,161,379,572,1160,1620,2390.0
01507000,11-18,102.0,153,356,575,1090,1640,1900.0
01507000,11-19,100.0,150,382,620,1060,1520,1890.0
01507000,11-20,97.0,151,385,728,1100,1460,2270.0
01507000,11-21,90.0,173,376,771,1090,1500,2250.0
01507000,11-22,89.0,164,385,734,1010,1470,2360.0
01507000,11-23,114.0,169,427,776,1020,1640,2650.0
01507000,11-24,123.0,263,495,773,1090,1650,2290.0
01507000,11-25,122.0,277,489,726,1150,1700,2470.0
01507000,11-26,133.0,252,467,733,1030,1810,2580.0
01507000,11-27,150.0,242,411,773,1180,2000,2540.0
01507000,11-28,156.0,227,455,867,1230,1880,3670.0
01507000,11-29,151.0,244,409,772,1220,1620,3010.0
01507000,11-30,139.0,296,432,753,1130,1740,3080.0
01507000,12-01,131.0,272,417,742,1160,2090,2380.0
01507000,12-02,121.0,258,422,708,1080,2230,3010.0
01507000,12-03,130.0,254,416,667,1160,1950,2970.0
01507000,12-04,186.0,248,437,679,1330,2350,3720.0
01507000,12-05,192.0,259,440,723,1270,2260,3610.0
01507000,12-06,216.0,282,478,797,1470,2570,3180.0
01507000,12-07,205.0,294,501,811,1410,2250,2720.0
01507000,12-08,191.0,305,566,921,1300,1930,2590.0
01507000,12-09,180.0,309,545,849,1410,1880,2210.0
01507000,12-10,180.0,305,548,932,1320,2080,2630.0
01507000,12-11,186.0,358,543,883,1420,2990,3750.0
01507000,12-12,153.0,413,518,853,1410,2410,4690.0
01507000,12-13,189.0,402,539,855,1390,3240,4020.0
01507000,12-14,226.0,373,517,850,1350,2000,2900.0
01507000,12-15,233.0,371,534,850,1380,2000,2630.0
01507000,12-16,221.0,308,529,800,1300,1720,2570.0
01507000,12-17,194.0,334,540,807,1290,1790,2200.0
01507000,12-18,191.0,331,548,832,1310,1880,2440.0
01507000,12-19,211.0,303,570,787,1330,2410,3480.0
01507000,12-20,215.0,403,567,799,1230,2110,3110.0
01507000,12-21,201.0,441,540,795,1270,2370,3380.0
01507000,12-22,191.0,430,535,747,1300,2750,3930.0
01507000,12-23,215.0,384,519,786,1420,2550,2870.0
01507000,12-24,266.0,365,574,811,1620,2260,3080.0
01507000,12-25,261.0,336,515,890,1410,2520,4260.0
01507000,12-26,295.0,373,497,830,1410,2030,3190.0
01507000,12-27,276.0,371,490,794,1520,2070,3320.0
01507000,12-28,311.0,355,497,870,1520,2650,2970.0
01507000,12-29,330.0,352,445,890,1720,3010,4400.0
01507000,12-30,331.0,350,515,873,1840,3200,5540.0
01507000,12-31,305.0,336,495,810,1660,2920,5610.0
01509000,01-01,167.0,187,299,466,930,1470,1990.0
01509000,01-02,170.0,191,293,466,856,1480,1920.0
01509000,01-03,159.0,190,292,436,799,1260,1560.0
01509000,01-04,175.0,190,275,494,844,1250,1530.0
01509000,01-05,172.0,186,262,467,844,1260,1700.0
01509000,01-06,174.0,195,262,457,808,1040,1420.0
01509000,01-07,163.0,190,272,470,786,1090,1580.0
01509000,01-08,159.0,186,260,436,698,981,1520.0
01509000,01-09,159.0,184,258,425,660,934,1360.0
01509000,01-10,152.0,180,251,457,611,1150,1520.0
01509000,01-11,149.0,189,260,439,600,1190,1860.0
01509000,01-12,154.0,188,270,426,620,1230,1710.0
01509000,01-13,149.0,184,273,411,722,1280,1590.0
01509000,01-14,135.0,179,253,386,711,1200,1800.0
01509000,01-15,139.0,179,268,390,703,1160,1710.0
01509000,01-16,150.0,189,266,384,688,1170,1520.0
01509000,01-17,150.0,180,260,365,657,976,1120.0
01509000,01-18,135.0,190,260,378,651,908,1340.0
01509000,01-19,124.0,189,260,380,645,878,1360.0
01509000,01-20,130.0,183,252,373,600,1010,1330.0
01509000,01-21,140.0,188,260,378,554,1020,1750.0
01509000,01-22,142.0,180,250,390,536,1180,1370.0
01509000,01-23,139.0,179,253,394,600,1020,1630.0
01509000,01-24,136.0,189,252,398,699,1320,1730.0
01509000,01-25,136.0,187,250,394,785,1640,2040.0
01509000,01-26,139.0,180,250,372,841,1570,2040.0
01509000,01-27,152.0,189,260,381,883,1470,1980.0
01509000,01-28,152.0,189,249,371,751,1410,1960.0
01509000,01-29,144.0,190,238,373,720,980,1540.0
01509000,01-30,137.0,190,241,380,736,1090,1230.0
01509000,01-31,139.0,189,240,361,619,1070,1270.0
01509000,02-01,135.0,189,245,361,617,902,1740.0
01509000,02-02,156.0,190,236,350,655,1050,1550.0
01509000,02-03,157.0,180,230,343,620,1110,1290.0
01509000,02-04,152.0,170,236,352,599,953,1560.0
01509000,02-05,149.0,174,234,360,605,980,1230.0
01509000,02-06,154.0,179,241,362,583,820,1270.0
01509000,02-07,152.0,183,229,352,587,746,1190.0
01509000,02-08,137.0,190,232,324,569,851,1170.0
01509000,02-09,132.0,185,230,351,515,788,1180.0
01509000,02-10,132.0,184,230,330,509,852,1140.0
01509000,02-11,150.0,175,231,337,492,861,1410.0
01509000,02-12,158.0,180,230,326,520,828,1460.0
01509000,02-13,159.0,189,233,337,540,960,1450.0
01509000,02-14,163.0,190,233,347,557,980,1270.0
01509000,02-15,152.0,196,250,345,572,991,1090.0
01509000,02-16,167.0,195,260,375,634,988,1260.0
01509000,02-17,174.0,203,250,368,660,1050,2030.0
01509000,02-18,170.0,195,252,364,667,987,2160.0
01509000,02-19,170.0,192,249,359,649,1180,1830.0
01509000,02-20,167.0,189,253,360,669,1370,1820.0
01509000,02-21,166.0,198,251,400,774,1530,2180.0
01509000,02-22,167.0,190,241,408,833,1710,2710.0
01509000,02-23,174.0,200,260,451,850,1540,2060.0
01509000,02-24,172.0,199,260,441,886,1680,2390.0
01509000,02-25,170.0,190,280,455,766,1950,2920.0
01509000,02-26,170.0,190,260,506,811,1750,2830.0
01509000,02-27,170.0,193,278,488,822,1730,2370.0
01509000,02-28,170.0,185,287,490,898,1480,2270.0
01509000,02-29,136.0,170,200,421,929,1830,3680.0
01509000,03-01,170.0,198,274,487,899,1370,1960.0
01509000,03-02,170.0,209,295,490,865,1320,2030.0
01509000,03-03,162.0,209,270,496,815,1340,2140.0
01509000,03-04,165.0,212,323,544,886,1570,2240.0
01509000,03-05,160.0,208,320,564,990,2030,2710.0
01509000,03-06,165.0,209,321,612,1100,2350,3560.0
01509000,03-07,183.0,210,316,598,1200,2420,3400.0
01509000,03-08,200.0,210,296,605,1200,2490,3450.0
01509000,03-09,200.0,212,312,580,1220,2240,3770.0
01509000,03-10,194.0,216,326,602,1180,2250,3060.0
01509000,03-11,203.0,233,336,671,1150,2310,2890.0
01509000,03-12,217.0,249,383,678,1310,2290,3000.0
01509000,03-13,225.0,263,424,668,1260,2120,2940.0
01509000,03-14,229.0,278,479,701,1280,1760,2390.0
01509000,03-15,237.0,290,493,755,1350,1840,2880.0
01509000,03-16,254.0,338,486,745,1280,2150,3590.0
01509000,03-17,272.0,386,486,747,1170,2230,4330.0
01509000,03-18,269.0,392,478,705,1210,2070,3230.0
01509000,03-19,310.0,399,468,735,1210,2140,2700.0
01509000,03-20,350.0,389,451,792,1160,2300,2710.0
01509000,03-21,346.0,390,491,828,1150,2090,2620.0
01509000,03-22,336.0,369,525,817,1350,1910,4080.0
01509000,03-23,318.0,387,486,779,1430,1840,3480.0
01509000,03-24,349.0,403,500,802,1410,2160,2470.0
01509000,03-25,344.0,398,510,874,1480,2250,2840.0
01509000,03-26,366.0,417,523,927,1640,2580,3080.0
01509000,03-27,367.0,431,582,985,1700,2500,3820.0
01509000,03-28,368.0,448,654,996,1510,2530,3200.0
01509000,03-29,385.0,451,689,1060,1630,2590,2860.0
01509000,03-30,421.0,507,705,1090,1790,2830,3500.0
01509000,03-31,406.0,471,711,1110,1770,3020,3570.0
01509000,04-01,406.0,466,684,1080,1820,3080,4830.0
01509000,04-02,410.0,565,732,1130,2040,3150,4230.0
01509000,04-03,433.0,530,834,1220,1860,2920,4420.0
01509000,04-04,465.0,553,761,1330,2020,3570,4680.0
01509000,04-05,428.0,558,756,1280,2420,3540,5540.0
01509000,04-06,456.0,537,736,1250,2130,3910,4920.0
01509000,04-07,467.0,567,774,1160,1970,3200,4690.0
01509000,04-08,462.0,564,786,1040,1860,3010,3960.0
01509000,04-09,440.0,527,730,986,1690,2720,3600.0
01509000,04-10,449.0,536,697,953,1490,2890,4710.0
01509000,04-11,429.0,534,666,956,1420,2990,3320.0
01509000,04-12,422.0,499,642,970,1460,2530,3110.0
01509000,04-13,409.0,491,647,916,1640,2310,3010.0
01509000,04-14,393.0,470,635,912,1440,2270,3650.0
01509000,04-15,385.0,450,594,873,1410,2530,3150.0
01509000,04-16,380.0,447,587,927,1250,2400,3310.0
01509000,04-17,381.0,454,576,921,1440,3220,3670.0
01509000,04-18,363.0,423,564,831,1300,2380,3140.0
01509000,04-19,354.0,412,521,821,1230,1970,2530.0
01509000,04-20,323.0,394,506,876,1220,1950,2330.0
01509000,04-21,316.0,388,506,839,1220,1910,2580.0
01509000,04-22,309.0,365,491,796,1130,1830,2470.0
01509000,04-23,323.0,395,519,754,1160,1670,2140.0
01509000,04-24,314.0,375,512,725,1080,1670,1910.0
01509000,04-25,319.0,365,496,680,1060,1480,2260.0
01509000,04-26,319.0,349,489,680,1010,1340,2100.0
01509000,04-27,307.0,359,500,667,911,1220,1860.0
01509000,04-28,310.0,377,464,631,861,1200,1770.0
01509000,04-29,301.0,380,451,612,819,1310,1820.0
01509000,04-30,283.0,341,434,588,795,1430,1670.0
01509000,05-01,285.0,314,412,576,912,1290,1900.0
01509000,05-02,279.0,332,409,569,813,1180,1660.0
01509000,05-03,268.0,309,393,541,807,1220,1410.0
01509000,05-04,260.0,287,384,528,843,1100,1530.0
01509000,05-05,252.0,268,364,522,821,1200,1340.0
01509000,05-06,241.0,270,354,506,772,1090,1300.0
01509000,05-07,222.0,260,341,480,774,1070,1340.0
01509000,05-08,217.0,259,331,481,748,1250,1700.0
01509000,05-09,210.0,267,319,489,670,1240,1830.0
01509000,05-10,215.0,262,331,504,712,1300,1560.0
01509000,05-11,217.0,251,328,498,750,1310,1880.0
01509000,05-12,230.0,255,343,500,831,1270,1950.0
01509000,05-13,228.0,241,334,469,872,1490,1860.0
01509000,05-14,218.0,228,327,442,809,1540,2190.0
01509000,05-15,210.0,231,309,433,698,1220,1800.0
01509000,05-16,196.0,221,301,439,726,1270,1590.0
01509000,05-17,195.0,226,297,454,701,1130,1630.0
01509000,05-18,186.0,221,281,445,636,1150,1620.0
01509000,05-19,181.0,214,283,417,675,1140,1620.0
01509000,05-20,172.0,205,270,412,728,1120,1410.0
01509000,05-21,166.0,193,252,389,727,1180,1550.0
01509000,05-22,172.0,196,241,415,725,1270,1530.0
01509000,05-23,180.0,200,246,421,672,985,1260.0
01509000,05-24,175.0,193,244,428,603,942,1030.0
01509000,05-25,164.0,180,225,413,605,862,1040.0
01509000,05-26,152.0,173,214,396,544,805,1050.0
01509000,05-27,149.0,169,208,384,530,781,1080.0
01509000,05-28,146.0,158,210,348,485,787,928.0
01509000,05-29,144.0,154,207,330,463,699,943.0
01509000,05-30,138.0,147,207,317,486,649,998.0
01509000,05-31,132.0,137,192,314,458,638,877.0
01509000,06-01,129.0,135,182,318,483,940,1190.0
01509000,06-02,124.0,137,185,319,501,860,1290.0
01509000,06-03,118.0,138,209,312,444,810,1210.0
01509000,06-04,113.0,135,190,290,400,727,1380.0
01509000,06-05,108.0,130,184,263,389,638,1130.0
01509000,06-06,107.0,124,194,261,383,863,1050.0
01509000,06-07,107.0,122,185,252,418,823,1030.0
01509000,06-08,105.0,127,177,240,419,653,1050.0
01509000,06-09,103.0,120,170,237,439,813,1010.0
01509000,06-10,100.0,117,164,237,395,714,902.0
01509000,06-11,102.0,119,162,235,356,702,838.0
01509000,06-12,104.0,120,162,229,349,611,910.0
01509000,06-13,98.0,120,170,225,374,560,969.0
01509000,06-14,98.0,116,163,228,371,855,1080.0
01509000,06-15,106.0,115,155,220,354,749,967.0
01509000,06-16,102.0,116,147,227,366,648,1030.0
01509000,06-17,92.0,112,151,224,372,639,969.0
01509000,06-18,89.0,104,143,225,378,627,1010.0
01509000,06-19,87.0,100,137,205,377,613,771.0
01509000,06-20,85.0,97,137,202,341,563,632.0
01509000,06-21,84.0,92,128,197,341,573,665.0
01509000,06-22,84.0,90,126,196,314,603,1100.0
01509000,06-23,81.0,91,135,202,324,569,1080.0
01509000,06-24,78.0,90,131,194,322,641,1000.0
01509000,06-25,77.0,84,124,195,332,621,1010.0
01509000,06-26,77.0,86,117,205,360,559,822.0
01509000,06-27,71.0,86,111,193,369,515,716.0
01509000,06-28,71.0,81,114,192,339,542,878.0
01509000,06-29,68.0,77,110,204,357,496,995.0
01509000,06-30,67.0,77,108,193,348,687,1060.0
01509000,07-01,65.0,78,105,175,310,900,1290.0
01509000,07-02,67.0,79,110,186,290,757,1460.0
01509000,07-03,67.0,78,106,187,301,695,1050.0
01509000,07-04,63.0,77,104,176,278,704,1010.0
01509000,07-05,61.0,77,104,186,265,733,851.0
01509000,07-06,63.0,72,97,177,252,560,666.0
01509000,07-07,62.0,70,96,164,249,533,627.0
01509000,07-08,61.0,69,91,166,265,550,715.0
01509000,07-09,60.0,70,99,151,301,505,635.0
01509000,07-10,57.0,68,94,147,263,540,762.0
01509000,07-11,56.0,66,94,141,228,438,603.0
01509000,07-12,55.0,67,91,149,217,478,557.0
01509000,07-13,55.0,66,91,148,214,443,610.0
01509000,07-14,56.0,66,87,145,231,403,811.0
01509000,07-15,54.0,67,86,137,201,457,821.0
01509000,07-16,54.0,64,86,136,199,460,903.0
01509000,07-17,54.0,62,86,132,218,434,713.0
01509000,07-18,56.0,60,82,130,196,368,645.0
01509000,07-19,53.0,58,85,128,183,335,563.0
01509000,07-20,50.0,62,89,124,182,435,499.0
01509000,07-21,50.0,64,85,126,200,328,418.0
01509000,07-22,48.0,62,83,128,191,376,536.0
01509000,07-23,48.0,60,83,127,195,383,567.0
01509000,07-24,50.0,57,80,127,198,342,548.0
01509000,07-25,47.0,56,78,132,196,315,478.0
01509000,07-26,47.0,56,77,122,195,316,535.0
01509000,07-27,47.0,60,79,121,163,278,595.0
01509000,07-28,46.0,56,84,123,176,338,583.0
01509000,07-29,46.0,55,82,121,174,283,529.0
01509000,07-30,45.0,55,82,124,203,289,472.0
01509000,07-31,47.0,55,79,117,191,283,422.0
01509000,08-01,46.0,56,80,115,189,275,432.0
01509000,08-02,45.0,54,80,114,166,326,583.0
01509000,08-03,43.0,51,75,110,159,293,478.0
01509000,08-04,45.0,52,80,107,167,306,681.0
01509000,08-05,45.0,56,77,105,170,275,550.0
01509000,08-06,45.0,52,75,108,157,335,453.0
01509000,08-07,43.0,49,71,102,161,271,319.0
01509000,08-08,46.0,49,69,102,165,267,381.0
01509000,08-09,44.0,50,73,103,170,347,513.0
01509000,08-10,47.0,52,78,110,154,380,553.0
01509000,08-11,43.0,56,77,111,177,321,456.0
01509000,08-12,44.0,52,72,98,184,306,521.0
01509000,08-13,45.0,56,73,94,165,346,609.0
01509000,08-14,43.0,56,71,93,181,406,504.0
01509000,08-15,45.0,54,69,92,174,328,388.0
01509000,08-16,46.0,53,69,96,154,276,390.0
01509000,08-17,44.0,52,70,99,178,345,489.0
01509000,08-18,44.0,49,70,95,193,384,647.0
01509000,08-19,43.0,53,68,89,190,342,652.0
01509000,08-20,42.0,52,65,91,175,306,417.0
01509000,08-21,40.0,50,64,94,167,274,395.0
01509000,08-22,42.0,52,67,92,181,250,729.0
01509000,08-23,42.0,49,66,86,183,339,826.0
01509000,08-24,38.0,47,64,87,168,277,583.0
01509000,08-25,39.0,45,61,87,163,249,484.0
01509000,08-26,38.0,45,62,86,161,258,356.0
01509000,08-27,40.0,47,60,84,157,219,325.0
01509000,08-28,41.0,45,61,89,145,209,307.0
01509000,08-29,41.0,44,65,89,166,355,406.0
01509000,08-30,39.0,46,65,88,159,300,454.0
01509000,08-31,42.0,49,64,90,163,239,358.0
01509000,09-01,41.0,49,62,89,148,227,365.0
01509000,09-02,41.0,49,63,86,137,206,398.0
01509000,09-03,40.0,45,61,86,128,284,419.0
01509000,09-04,37.0,46,60,86,135,272,402.0
01509000,09-05,37.0,47,59,82,130,212,337.0
01509000,09-06,37.0,47,61,82,134,264,315.0
01509000,09-07,37.0,44,62,82,129,244,308.0
01509000,09-08,35.0,45,60,80,133,215,276.0
01509000,09-09,32.0,45,64,79,130,218,346.0
01509000,09-10,34.0,46,63,86,141,242,433.0
01509000,09-11,32.0,50,60,87,140,285,554.0
01509000,09-12,35.0,45,58,91,157,243,560.0
01509000,09-13,34.0,44,57,91,158,281,433.0
01509000,09-14,33.0,46,58,92,157,305,534.0
01509000,09-15,33.0,46,57,99,169,336,388.0
01509000,09-16,33.0,45,65,97,166,319,408.0
01509000,09-17,32.0,45,66,98,158,261,334.0
01509000,09-18,33.0,45,67,98,168,286,331.0
01509000,09-19,32.0,45,65,97,183,318,726.0
01509000,09-20,32.0,44,65,98,175,298,643.0
01509000,09-21,33.0,45,64,94,164,260,566.0
01509000,09-22,31.0,44,64,93,152,346,659.0
01509000,09-23,32.0,39,64,89,185,464,630.0
01509000,09-24,34.0,46,61,96,186,407,752.0
01509000,09-25,33.0,45,58,102,191,395,841.0
01509000,09-26,34.0,44,59,101,178,443,841.0
01509000,09-27,33.0,45,61,99,208,404,715.0
01509000,09-28,33.0,45,64,103,248,650,858.0
01509000,09-29,35.0,45,65,103,267,541,697.0
01509000,09-30,35.0,47,62,103,270,484,790.0
01509000,10-01,34.0,46,61,102,252,447,666.0
01509000,10-02,36.0,45,64,99,232,425,773.0
01509000,10-03,38.0,44,69,97,216,604,960.0
01509000,10-04,35.0,44,67,97,216,685,998.0
01509000,10-05,41.0,48,64,99,230,536,1070.0
01509000,10-06,42.0,50,66,98,242,452,813.0
01509000,10-07,42.0,50,68,110,224,522,858.0
01509000,10-08,43.0,50,67,124,232,482,737.0
01509000,10-09,43.0,50,68,122,221,472,1190.0
01509000,10-10,43.0,52,65,124,204,476,1070.0
01509000,10-11,39.0,47,64,127,192,417,891.0
01509000,10-12,39.0,46,63,120,198,434,1000.0
01509000,10-13,37.0,48,62,112,194,591,867.0
01509000,10-14,37.0,47,64,120,195,536,802.0
01509000,10-15,37.0,46,65,119,268,597,710.0
01509000,10-16,36.0,54,66,132,293,610,844.0
01509000,10-17,37.0,50,72,136,319,627,1050.0
01509000,10-18,37.0,49,73,129,343,638,1020.0
01509000,10-19,37.0,48,75,134,387,615,934.0
01509000,10-20,37.0,58,80,136,401,790,1040.0
01509000,10-21,39.0,54,86,145,398,698,1140.0
01509000,10-22,40.0,55,73,143,380,755,1240.0
01509000,10-23,43.0,54,79,145,411,779,1090.0
01509000,10-24,43.0,53,83,158,386,743,993.0
01509000,10-25,40.0,53,88,171,409,884,1010.0
01509000,10-26,43.0,55,83,183,431,772,1090.0
01509000,10-27,47.0,54,83,182,526,863,1360.0
01509000,10-28,49.0,56,87,172,511,974,1620.0
01509000,10-29,47.0,55,81,202,502,870,2130.0
01509000,10-30,46.0,55,80,205,501,930,1970.0
01509000,10-31,48.0,56,80,207,503,1030,1690.0
01509000,11-01,46.0,58,96,205,519,1050,1340.0
01509000,11-02,50.0,59,111,210,540,887,1230.0
01509000,11-03,54.0,67,115,232,536,991,1790.0
01509000,11-04,54.0,67,113,252,541,878,1280.0
01509000,11-05,56.0,69,106,313,501,788,1010.0
01509000,11-06,61.0,70,114,303,501,898,1050.0
01509000,11-07,64.0,73,130,293,516,795,1070.0
01509000,11-08,67.0,76,131,294,517,867,1130.0
01509000,11-09,70.0,77,140,272,522,897,1380.0
01509000,11-10,69.0,77,144,282,552,853,1430.0
01509000,11-11,70.0,82,157,281,515,777,1210.0
01509000,11-12,71.0,93,165,291,548,929,1250.0
01509000,11-13,77.0,98,165,287,568,951,1240.0
01509000,11-14,74.0,94,170,294,574,878,1080.0
01509000,11-15,72.0,100,167,340,568,860,1140.0
01509000,11-16,74.0,96,176,324,602,1070,1420.0
01509000,11-17,74.0,108,172,335,652,1230,1580.0
01509000,11-18,74.0,99,168,341,678,1060,1440.0
01509000,11-19,76.0,97,160,320,658,944,1130.0
01509000,11-20,75.0,100,164,374,680,935,1380.0
01509000,11-21,80.0,109,173,409,672,1240,1460.0
01509000,11-22,81.0,124,181,406,660,1000,1250.0
01509000,11-23,88.0,130,206,393,660,1070,1250.0
01509000,11-24,87.0,126,242,384,681,963,1280.0
01509000,11-25,86.0,132,249,416,633,1010,1190.0
01509000,11-26,87.0,139,254,412,689,963,1270.0
01509000,11-27,95.0,128,251,424,741,1130,1960.0
01509000,11-28,105.0,148,258,480,792,1100,1850.0
01509000,11-29,99.0,161,298,487,715,1200,1700.0
01509000,11-30,96.0,143,303,492,665,1120,1450.0
01509000,12-01,93.0,137,290,484,761,1200,1660.0
01509000,12-02,92.0,170,266,462,661,1260,1950.0
01509000,12-03,100.0,174,261,456,700,1210,1850.0
01509000,12-04,128.0,162,297,466,747,1180,1830.0
01509000,12-05,122.0,177,310,458,721,1160,1850.0
01509000,12-06,115.0,198,318,455,715,1230,1470.0
01509000,12-07,114.0,227,331,463,749,1160,1320.0
01509000,12-08,113.0,251,326,479,758,1050,1450.0
01509000,12-09,115.0,244,317,501,734,944,1290.0
01509000,12-10,111.0,237,321,531,753,1080,1410.0
01509000,12-11,118.0,244,326,515,786,1470,1850.0
01509000,12-12,146.0,240,321,500,734,1350,2250.0
01509000,12-13,138.0,225,344,479,783,1540,1900.0
01509000,12-14,149.0,214,353,466,712,1190,1660.0
01509000,12-15,164.0,239,315,452,719,1050,1970.0
01509000,12-16,159.0,235,319,448,700,1200,1670.0
01509000,12-17,161.0,220,310,448,713,1060,1390.0
01509000,12-18,152.0,212,317,428,774,1010,1280.0
01509000,12-19,153.0,213,311,420,748,1120,1320.0
01509000,12-20,174.0,225,300,423,677,987,1100.0
01509000,12-21,164.0,235,286,465,688,1110,1370.0
01509000,12-22,224.0,249,285,447,665,1090,1490.0
01509000,12-23,214.0,230,295,440,714,1170,1440.0
01509000,12-24,219.0,248,304,440,757,1390,1730.0
01509000,12-25,210.0,247,306,476,765,1250,2570.0
01509000,12-26,202.0,230,300,466,838,1160,1790.0
01509000,12-27,202.0,210,300,463,833,1200,1460.0
01509000,12-28,192.0,207,300,482,846,1110,1510.0
01509000,12-29,190.0,204,300,477,863,1460,2000.0
01509000,12-30,189.0,200,295,483,860,1690,2300.0
01509000,12-31,183.0,190,291,466,829,1660,2320.0
01510000,01-01,75.0,94,130,220,450,782,1180.0
01510000,01-02,78.0,95,130,205,391,769,1020.0
01510000,01-03,81.0,91,125,225,392,625,824.0
01510000,01-04,82.0,94,127,230,434,733,932.0
01510000,01-05,75.0,86,124,220,455,597,936.0
01510000,01-06,73.0,84,130,215,406,654,864.0
01510000,01-07,68.0,85,120,220,364,522,1040.0
01510000,01-08,65.0,79,119,201,310,460,734.0
01510000,01-09,59.0,84,116,190,288,448,872.0
01510000,01-10,60.0,83,110,185,300,657,1110.0
01510000,01-11,59.0,81,120,193,270,816,1020.0
01510000,01-12,60.0,79,120,200,336,678,1130.0
01510000,01-13,60.0,79,124,195,369,706,950.0
01510000,01-14,54.0,78,112,185,410,768,992.0
01510000,01-15,56.0,79,120,183,340,785,1000.0
01510000,01-16,56.0,85,120,170,325,666,804.0
01510000,01-17,56.0,82,120,164,290,508,588.0
01510000,01-18,57.0,79,115,165,300,455,841.0
01510000,01-19,54.0,82,120,165,283,460,761.0
01510000,01-20,57.0,79,110,165,310,572,786.0
01510000,01-21,65.0,82,110,160,285,668,864.0
01510000,01-22,66.0,81,120,168,263,521,711.0
01510000,01-23,66.0,83,110,166,329,593,892.0
01510000,01-24,68.0,79,100,170,351,878,1070.0
01510000,01-25,68.0,76,100,169,400,953,1300.0
01510000,01-26,63.0,75,110,160,392,750,1730.0
01510000,01-27,68.0,73,100,158,403,863,1440.0
01510000,01-28,66.0,77,100,155,353,728,1040.0
01510000,01-29,66.0,76,100,160,335,522,741.0
01510000,01-30,60.0,74,101,160,340,603,729.0
01510000,01-31,62.0,69,96,150,270,524,633.0
01510000,02-01,64.0,68,100,155,281,523,772.0
01510000,02-02,60.0,66,100,140,280,629,714.0
01510000,02-03,55.0,64,100,146,308,640,861.0
01510000,02-04,54.0,63,98,150,310,532,846.0
01510000,02-05,54.0,64,96,160,280,493,606.0
01510000,02-06,52.0,65,96,156,278,447,698.0
01510000,02-07,57.0,68,96,160,260,414,686.0
01510000,02-08,56.0,70,98,150,250,416,619.0
01510000,02-09,56.0,69,92,150,240,399,510.0
01510000,02-10,55.0,67,92,150,251,387,543.0
01510000,02-11,54.0,67,92,147,256,377,583.0
01510000,02-12,60.0,71,94,140,260,396,758.0
01510000,02-13,63.0,73,92,140,240,428,600.0
01510000,02-14,61.0,73,100,150,245,442,666.0
01510000,02-15,59.0,72,99,160,270,468,557.0
01510000,02-16,58.0,75,98,175,299,595,1040.0
01510000,02-17,57.0,73,101,170,294,524,1190.0
01510000,02-18,59.0,76,109,160,290,633,934.0
01510000,02-19,65.0,76,110,160,288,619,913.0
01510000,02-20,66.0,80,107,160,367,763,1400.0
01510000,02-21,64.0,79,112,180,400,889,1920.0
01510000,02-22,64.0,74,112,200,469,1040,1560.0
01510000,02-23,66.0,81,114,200,450,876,1210.0
01510000,02-24,64.0,78,111,221,455,1090,1460.0
01510000,02-25,68.0,87,120,218,400,1050,2110.0
01510000,02-26,67.0,85,115,240,440,788,1250.0
01510000,02-27,65.0,82,110,228,493,1020,1580.0
01510000,02-28,62.0,82,130,230,458,812,1160.0
01510000,02-29,59.0,74,100,201,450,906,2060.0
01510000,03-01,72.0,87,130,227,458,816,1200.0
01510000,03-02,80.0,86,140,227,420,766,1140.0
01510000,03-03,68.0,91,140,240,470,881,1250.0
01510000,03-04,70.0,90,147,250,526,858,1410.0
01510000,03-05,74.0,85,148,272,495,1270,1590.0
01510000,03-06,68.0,90,150,289,524,1390,2710.0
01510000,03-07,69.0,90,141,293,660,1580,1920.0
01510000,03-08,82.0,91,140,289,700,1320,2170.0
01510000,03-09,86.0,94,148,275,720,1410,2590.0
01510000,03-10,86.0,97,157,290,685,1350,1620.0
01510000,03-11,88.0,109,170,343,613,1540,1750.0
01510000,03-12,102.0,120,180,374,706,1560,1880.0
01510000,03-13,110.0,127,197,380,662,1210,1480.0
01510000,03-14,120.0,146,237,379,694,982,1370.0
01510000,03-15,112.0,152,225,452,682,1170,1380.0
01510000,03-16,116.0,167,240,410,740,1230,2270.0
01510000,03-17,144.0,191,237,357,636,1220,3660.0
01510000,03-18,120.0,185,250,380,638,1390,2000.0
01510000,03-19,140.0,180,240,380,613,1520,2060.0
01510000,03-20,159.0,171,240,370,664,1490,1870.0
01510000,03-21,154.0,171,250,398,638,1070,1980.0
01510000,03-22,154.0,165,264,417,708,1150,2910.0
01510000,03-23,154.0,167,245,376,737,1230,1570.0
01510000,03-24,159.0,173,246,382,775,1160,1730.0
01510000,03-25,158.0,168,230,415,784,1410,1890.0
01510000,03-26,160.0,195,248,480,855,1880,2200.0
01510000,03-27,176.0,188,272,513,976,1640,2560.0
01510000,03-28,172.0,206,314,561,964,1300,1900.0
01510000,03-29,190.0,210,331,580,857,1550,1980.0
01510000,03-30,200.0,236,339,594,962,1820,2510.0
01510000,03-31,193.0,222,343,617,977,2020,3070.0
01510000,04-01,191.0,222,360,644,1100,1900,2960.0
01510000,04-02,232.0,253,380,604,1120,1840,2430.0
01510000,04-03,223.0,283,450,721,1050,1690,2390.0
01510000,04-04,234.0,273,405,757,1230,2280,2870.0
01510000,04-05,219.0,267,397,720,1390,2140,2850.0
01510000,04-06,240.0,283,357,655,1150,2050,2640.0
01510000,04-07,249.0,276,384,619,1010,1770,2720.0
01510000,04-08,244.0,302,368,550,904,1600,2220.0
01510000,04-09,227.0,268,359,516,973,1340,2200.0
01510000,04-10,218.0,263,330,484,806,1880,2460.0
01510000,04-11,206.0,238,312,482,712,1540,2110.0
01510000,04-12,195.0,222,316,484,803,1430,1590.0
01510000,04-13,181.0,226,347,495,768,1360,1700.0
01510000,04-14,190.0,212,311,513,816,1490,2180.0
01510000,04-15,173.0,202,299,458,732,1400,1790.0
01510000,04-16,182.0,210,309,461,712,1510,2170.0
01510000,04-17,169.0,198,296,444,740,1430,2310.0
01510000,04-18,157.0,186,270,415,693,1340,1710.0
01510000,04-19,163.0,178,254,425,637,1020,1410.0
01510000,04-20,156.0,167,238,393,668,1150,1490.0
01510000,04-21,149.0,169,245,367,663,1100,1570.0
01510000,04-22,146.0,161,241,347,576,1070,1200.0
01510000,04-23,141.0,169,242,383,631,905,1140.0
01510000,04-24,137.0,164,244,346,614,846,1110.0
01510000,04-25,140.0,149,234,345,527,779,1310.0
01510000,04-26,134.0,156,236,340,497,749,1160.0
01510000,04-27,130.0,155,229,326,471,724,1010.0
01510000,04-28,135.0,157,218,321,461,682,882.0
01510000,04-29,127.0,160,217,296,395,626,861.0
01510000,04-30,117.0,145,202,280,435,758,1060.0
01510000,05-01,114.0,147,184,280,430,709,1300.0
01510000,05-02,121.0,141,181,273,401,751,1090.0
01510000,05-03,108.0,132,171,263,442,684,901.0
01510000,05-04,99.0,123,163,252,466,711,893.0
01510000,05-05,104.0,123,159,241,415,677,806.0
01510000,05-06,97.0,116,143,233,408,578,745.0
01510000,05-07,98.0,109,152,211,381,603,1060.0
01510000,05-08,85.0,113,141,214,378,734,928.0
01510000,05-09,78.0,101,142,219,379,666,999.0
01510000,05-10,77.0,100,142,255,363,671,950.0
01510000,05-11,85.0,96,140,236,364,720,955.0
01510000,05-12,84.0,112,145,232,412,653,1310.0
01510000,05-13,80.0,104,146,215,412,873,1160.0
01510000,05-14,73.0,100,138,192,391,888,1270.0
01510000,05-15,68.0,96,132,181,339,592,912.0
01510000,05-16,63.0,92,128,177,331,613,805.0
01510000,05-17,69.0,89,128,203,316,619,772.0
01510000,05-18,64.0,87,117,194,301,579,749.0
01510000,05-19,64.0,88,114,199,300,575,892.0
01510000,05-20,61.0,84,117,193,338,597,767.0
01510000,05-21,56.0,75,108,179,353,694,839.0
01510000,05-22,62.0,71,99,176,352,606,762.0
01510000,05-23,67.0,73,97,183,364,459,633.0
01510000,05-24,61.0,74,98,194,316,457,563.0
01510000,05-25,57.0,74,89,182,295,436,578.0
01510000,05-26,53.0,66,85,179,299,404,732.0
01510000,05-27,52.0,64,84,157,267,356,536.0
01510000,05-28,51.0,60,81,151,238,382,590.0
01510000,05-29,48.0,61,82,137,221,367,655.0
01510000,05-30,46.0,57,78,146,213,329,614.0
01510000,05-31,42.0,56,76,136,206,303,758.0
01510000,06-01,42.0,55,73,137,257,508,845.0
01510000,06-02,43.0,53,77,147,242,525,1000.0
01510000,06-03,44.0,56,80,131,216,425,700.0
01510000,06-04,43.0,49,72,115,192,536,834.0
01510000,06-05,39.0,49,71,113,187,402,457.0
01510000,06-06,38.0,47,76,115,198,372,598.0
01510000,06-07,40.0,45,70,104,214,449,532.0
01510000,06-08,37.0,45,67,106,218,348,523.0
01510000,06-09,34.0,45,62,104,197,395,586.0
01510000,06-10,34.0,45,57,102,170,390,456.0
01510000,06-11,33.0,41,59,92,187,326,570.0
01510000,06-12,32.0,40,58,93,160,275,365.0
01510000,06-13,32.0,39,60,102,187,279,492.0
01510000,06-14,32.0,39,60,104,209,359,610.0
01510000,06-15,33.0,37,59,99,177,362,782.0
01510000,06-16,30.0,39,59,84,155,348,762.0
01510000,06-17,30.0,40,59,77,150,359,541.0
01510000,06-18,29.0,38,57,82,146,316,495.0
01510000,06-19,28.0,36,52,84,178,299,341.0
01510000,06-20,27.0,35,50,79,177,266,331.0
01510000,06-21,27.0,33,48,74,159,300,469.0
01510000,06-22,27.0,33,49,79,148,353,609.0
01510000,06-23,25.0,34,53,76,170,318,640.0
01510000,06-24,24.0,31,47,73,153,279,865.0
01510000,06-25,24.0,29,45,78,187,308,499.0
01510000,06-26,22.0,29,46,77,174,269,440.0
01510000,06-27,21.0,29,44,81,159,249,329.0
01510000,06-28,22.0,30,42,72,148,242,705.0
01510000,06-29,22.0,29,46,70,153,392,579.0
01510000,06-30,22.0,27,41,77,170,452,618.0
01510000,07-01,22.0,28,39,63,134,629,843.0
01510000,07-02,22.0,29,40,64,138,394,651.0
01510000,07-03,21.0,27,37,71,133,344,523.0
01510000,07-04,23.0,24,35,67,148,349,498.0
01510000,07-05,21.0,24,35,72,142,290,469.0
01510000,07-06,21.0,24,37,63,153,279,370.0
01510000,07-07,19.0,23,36,59,141,229,300.0
01510000,07-08,18.0,22,35,56,141,270,427.0
01510000,07-09,18.0,21,33,57,137,302,439.0
01510000,07-10,17.0,21,32,59,119,208,340.0
01510000,07-11,17.0,20,32,53,108,194,299.0
01510000,07-12,17.0,20,32,48,99,237,328.0
01510000,07-13,16.0,20,30,52,120,182,271.0
01510000,07-14,14.0,18,30,51,107,203,414.0
01510000,07-15,13.0,18,30,50,99,238,486.0
01510000,07-16,14.0,18,30,47,105,247,406.0
01510000,07-17,14.0,18,29,46,96,249,448.0
01510000,07-18,14.0,20,29,45,90,176,351.0
01510000,07-19,13.0,21,29,49,83,231,302.0
01510000,07-20,14.0,19,29,46,83,241,344.0
01510000,07-21,14.0,17,29,47,84,220,242.0
01510000,07-22,13.0,17,29,50,94,194,332.0
01510000,07-23,14.0,18,28,43,94,191,533.0
01510000,07-24,15.0,19,26,45,104,195,262.0
01510000,07-25,13.0,17,27,47,95,189,444.0
01510000,07-26,13.0,18,25,44,79,184,299.0
01510000,07-27,13.0,17,25,43,76,182,257.0
01510000,07-28,14.0,15,24,43,78,199,272.0
01510000,07-29,13.0,15,24,42,74,190,254.0
01510000,07-30,14.0,15,24,43,92,169,298.0
01510000,07-31,14.0,15,25,39,85,154,449.0
01510000,08-01,13.0,16,25,38,85,140,367.0
01510000,08-02,13.0,15,25,40,78,160,346.0
01510000,08-03,12.0,15,25,36,75,157,276.0
01510000,08-04,12.0,15,25,37,71,200,304.0
01510000,08-05,11.0,17,26,43,70,182,247.0
01510000,08-06,13.0,17,24,41,71,158,237.0
01510000,08-07,13.0,16,25,37,72,119,188.0
01510000,08-08,13.0,15,24,36,78,145,198.0
01510000,08-09,12.0,15,22,35,63,160,317.0
01510000,08-10,13.0,15,23,40,72,177,463.0
01510000,08-11,13.0,15,23,40,70,211,269.0
01510000,08-12,12.0,16,24,35,67,183,340.0
01510000,08-13,12.0,16,22,36,85,240,407.0
01510000,08-14,14.0,17,22,33,82,211,365.0
01510000,08-15,14.0,17,21,33,80,178,253.0
01510000,08-16,14.0,16,22,34,89,199,253.0
01510000,08-17,13.0,15,21,36,90,190,352.0
01510000,08-18,12.0,15,20,33,104,232,410.0
01510000,08-19,12.0,14,20,32,98,189,368.0
01510000,08-20,11.0,13,22,33,90,180,298.0
01510000,08-21,11.0,12,21,32,83,164,417.0
01510000,08-22,10.0,13,20,32,79,166,287.0
01510000,08-23,10.0,12,19,29,69,147,342.0
01510000,08-24,10.0,13,21,30,67,133,241.0
01510000,08-25,11.0,12,20,32,63,132,250.0
01510000,08-26,10.0,12,18,31,72,115,191.0
01510000,08-27,9.9,12,19,30,67,139,222.0
01510000,08-28,8.8,13,19,29,70,144,201.0
01510000,08-29,8.4,12,18,34,83,198,554.0
01510000,08-30,8.1,13,19,31,78,154,311.0
01510000,08-31,9.1,13,21,34,69,129,218.0
01510000,09-01,8.9,13,22,35,60,107,226.0
01510000,09-02,8.9,12,20,33,62,120,277.0
01510000,09-03,8.4,13,19,33,63,170,292.0
01510000,09-04,8.0,12,19,30,58,142,265.0
01510000,09-05,8.6,13,20,30,58,142,206.0
01510000,09-06,8.7,13,19,31,64,125,197.0
01510000,09-07,8.0,14,18,32,65,150,170.0
01510000,09-08,7.9,13,18,30,68,128,167.0
01510000,09-09,10.0,12,17,31,65,121,197.0
01510000,09-10,10.0,12,18,30,65,150,311.0
01510000,09-11,9.0,12,18,33,58,202,303.0
01510000,09-12,8.5,11,18,31,67,216,301.0
01510000,09-13,7.9,12,18,30,72,197,285.0
01510000,09-14,9.0,13,18,32,77,191,245.0
01510000,09-15,10.0,13,21,36,84,162,261.0
01510000,09-16,10.0,13,20,42,85,163,328.0
01510000,09-17,10.0,13,19,40,76,168,239.0
01510000,09-18,11.0,12,21,38,72,181,357.0
01510000,09-19,10.0,12,20,39,90,222,535.0
01510000,09-20,9.6,13,19,34,92,176,452.0
01510000,09-21,10.0,13,19,35,86,187,353.0
01510000,09-22,10.0,13,18,38,95,272,516.0
01510000,09-23,10.0,13,19,39,129,336,642.0
01510000,09-24,10.0,13,21,39,148,265,610.0
01510000,09-25,10.0,11,22,43,122,268,572.0
01510000,09-26,11.0,12,21,40,108,230,462.0
01510000,09-27,10.0,13,23,37,136,370,749.0
01510000,09-28,9.5,13,24,40,140,430,878.0
01510000,09-29,9.6,12,23,36,123,454,759.0
01510000,09-30,11.0,12,24,45,148,395,548.0
01510000,10-01,11.0,13,24,46,131,318,455.0
01510000,10-02,11.0,15,24,41,124,307,836.0
01510000,10-03,10.0,15,24,43,125,342,892.0
01510000,10-04,11.0,17,23,41,116,457,711.0
01510000,10-05,13.0,16,23,41,106,371,596.0
01510000,10-06,14.0,17,26,49,107,408,490.0
01510000,10-07,14.0,17,28,53,149,428,570.0
01510000,10-08,15.0,19,27,54,149,350,468.0
01510000,10-09,14.0,18,28,54,158,331,883.0
01510000,10-10,14.0,17,29,50,125,274,715.0
01510000,10-11,14.0,16,27,47,120,236,608.0
01510000,10-12,13.0,16,26,48,136,262,546.0
01510000,10-13,13.0,17,26,49,136,343,489.0
01510000,10-14,12.0,18,27,58,133,328,448.0
01510000,10-15,11.0,19,28,56,188,373,461.0
01510000,10-16,11.0,20,28,62,168,439,666.0
01510000,10-17,11.0,21,27,73,174,380,910.0
01510000,10-18,11.0,21,28,68,231,532,782.0
01510000,10-19,11.0,21,31,67,257,421,770.0
01510000,10-20,13.0,20,33,67,240,403,926.0
01510000,10-21,14.0,20,33,69,213,474,1190.0
01510000,10-22,13.0,19,32,75,218,477,767.0
01510000,10-23,14.0,19,32,79,229,481,625.0
01510000,10-24,13.0,19,35,79,282,453,506.0
01510000,10-25,14.0,20,37,92,242,512,724.0
01510000,10-26,14.0,22,39,101,262,480,722.0
01510000,10-27,15.0,23,36,98,269,575,1060.0
01510000,10-28,16.0,23,38,91,330,627,1380.0
01510000,10-29,17.0,22,45,116,267,540,1490.0
01510000,10-30,18.0,25,46,115,308,675,1210.0
01510000,10-31,18.0,24,46,120,323,690,823.0
01510000,11-01,22.0,24,50,117,303,574,740.0
01510000,11-02,20.0,26,59,113,305,560,760.0
01510000,11-03,24.0,28,66,130,322,520,793.0
01510000,11-04,24.0,29,63,145,296,475,553.0
01510000,11-05,24.0,35,71,177,288,441,540.0
01510000,11-06,23.0,40,68,148,298,564,797.0
01510000,11-07,24.0,41,72,144,303,432,658.0
01510000,11-08,24.0,42,78,162,295,388,609.0
01510000,11-09,28.0,44,77,164,276,462,1110.0
01510000,11-10,28.0,42,76,160,258,596,891.0
01510000,11-11,32.0,46,87,172,266,462,648.0
01510000,11-12,33.0,52,97,171,331,580,841.0
01510000,11-13,33.0,51,90,187,319,494,711.0
01510000,11-14,36.0,50,90,185,321,538,595.0
01510000,11-15,36.0,50,106,179,340,480,522.0
01510000,11-16,38.0,53,103,198,320,670,926.0
01510000,11-17,36.0,53,110,196,345,655,999.0
01510000,11-18,34.0,54,105,200,325,592,784.0
01510000,11-19,35.0,51,102,194,334,490,650.0
01510000,11-20,37.0,54,102,193,376,487,547.0
01510000,11-21,41.0,57,103,208,365,610,740.0
01510000,11-22,50.0,68,107,234,354,503,718.0
01510000,11-23,48.0,73,124,229,351,569,833.0
01510000,11-24,49.0,84,141,229,344,570,683.0
01510000,11-25,46.0,88,130,224,345,542,634.0
01510000,11-26,56.0,89,139,244,330,681,915.0
01510000,11-27,77.0,88,163,260,412,755,1390.0
01510000,11-28,77.0,90,161,262,409,652,1050.0
01510000,11-29,79.0,99,186,274,384,609,779.0
01510000,11-30,77.0,96,188,272,365,668,856.0
01510000,12-01,75.0,91,180,275,405,647,1190.0
01510000,12-02,77.0,102,166,260,349,899,1300.0
01510000,12-03,82.0,104,160,243,401,722,857.0
01510000,12-04,77.0,110,160,239,431,673,1100.0
01510000,12-05,79.0,102,174,252,395,750,985.0
01510000,12-06,78.0,106,176,270,428,694,876.0
01510000,12-07,93.0,120,182,282,454,636,811.0
01510000,12-08,88.0,124,174,276,436,532,863.0
01510000,12-09,73.0,124,169,280,388,668,953.0
01510000,12-10,72.0,121,167,280,455,650,1040.0
01510000,12-11,83.0,127,165,270,425,948,1530.0
01510000,12-12,71.0,125,166,260,456,812,1030.0
01510000,12-13,75.0,120,160,257,422,783,1340.0
01510000,12-14,82.0,105,162,250,410,570,1060.0
01510000,12-15,88.0,99,169,239,394,631,1150.0
01510000,12-16,90.0,110,160,254,381,706,869.0
01510000,12-17,89.0,105,155,253,351,563,804.0
01510000,12-18,91.0,104,153,225,373,608,1010.0
01510000,12-19,97.0,107,150,230,369,672,971.0
01510000,12-20,87.0,120,150,200,340,536,753.0
01510000,12-21,82.0,121,144,222,384,646,1110.0
01510000,12-22,81.0,121,150,202,357,597,1010.0
01510000,12-23,94.0,127,160,230,369,677,1010.0
01510000,12-24,97.0,126,161,220,400,821,1190.0
01510000,12-25,95.0,122,160,224,404,631,1110.0
01510000,12-26,90.0,121,162,227,420,634,992.0
01510000,12-27,92.0,116,147,230,422,655,917.0
01510000,12-28,110.0,117,140,230,437,737,988.0
01510000,12-29,94.0,111,140,256,418,677,1360.0
01510000,12-30,90.0,101,139,243,442,854,1840.0
01510000,12-31,80.0,99,131,225,446,828,1160.0
01512500,01-01,703.0,820,1200,1970,4060,7350,8980.0
01512500,01-02,730.0,820,1090,1930,4190,7110,9100.0
01512500,01-03,685.0,830,1100,1880,4100,6850,9270.0
01512500,01-04,650.0,820,1100,2210,4240,6530,8650.0
01512500,01-05,600.0,809,1090,2270,3890,7240,8310.0
01512500,01-06,675.0,800,1100,2340,4010,5660,7580.0
01512500,01-07,645.0,790,1160,2220,3730,6130,9430.0
01512500,01-08,575.0,780,1100,2180,3420,6970,8880.0
01512500,01-09,520.0,780,1100,2130,3110,5790,10800.0
01512500,01-10,560.0,755,1100,2020,3160,5960,8670.0
01512500,01-11,520.0,750,1100,1970,3270,6410,9500.0
01512500,01-12,547.0,710,1100,1900,3120,6890,10500.0
01512500,01-13,566.0,700,1100,1770,3280,7360,9410.0
01512500,01-14,566.0,700,1000,1690,3530,6500,9160.0
01512500,01-15,629.0,700,1030,1730,3650,6170,8390.0
01512500,01-16,592.0,735,995,1770,3490,6380,7670.0
01512500,01-17,551.0,700,1000,1670,3210,5300,6140.0
01512500,01-18,525.0,700,995,1650,3320,5330,7510.0
01512500,01-19,497.0,660,1050,1670,3010,6210,8860.0
01512500,01-20,500.0,660,1100,1710,2980,5780,7150.0
01512500,01-21,515.0,700,1120,1600,2750,5420,8250.0
01512500,01-22,588.0,690,1100,1700,2830,5840,7640.0
01512500,01-23,588.0,680,1120,1680,3230,5270,7830.0
01512500,01-24,550.0,730,1120,1800,3400,6030,8550.0
01512500,01-25,550.0,775,1100,1740,4020,8160,10500.0
01512500,01-26,557.0,740,1100,1800,3560,8090,12600.0
01512500,01-27,550.0,730,1000,1750,3970,7880,10500.0
01512500,01-28,550.0,750,1040,1630,3650,7750,10700.0
01512500,01-29,542.0,745,1100,1600,3460,6500,8390.0
01512500,01-30,530.0,720,1100,1600,3630,5740,6780.0
01512500,01-31,525.0,685,1100,1580,3290,5710,6570.0
01512500,02-01,537.0,645,1100,1600,3200,5000,7700.0
01512500,02-02,535.0,675,1050,1650,3050,5530,6970.0
01512500,02-03,487.0,665,1040,1580,3400,5520,7350.0
01512500,02-04,485.0,615,1050,1520,3100,5270,6630.0
01512500,02-05,490.0,680,1000,1650,3020,4680,5670.0
01512500,02-06,490.0,655,1000,1660,2880,3870,6240.0
01512500,02-07,495.0,690,1000,1610,2730,3820,5720.0
01512500,02-08,530.0,840,999,1540,2400,3640,5650.0
01512500,02-09,542.0,730,995,1500,2330,3860,6590.0
01512500,02-10,537.0,700,975,1430,2400,3790,5730.0
01512500,02-11,575.0,690,937,1380,2330,4170,6880.0
01512500,02-12,570.0,732,920,1450,2420,4870,7880.0
01512500,02-13,541.0,720,955,1400,2440,4650,8380.0
01512500,02-14,613.0,750,1000,1430,2520,5190,8390.0
01512500,02-15,535.0,711,1000,1500,2660,5920,7780.0
01512500,02-16,585.0,750,1010,1600,2970,5120,8160.0
01512500,02-17,599.0,770,1090,1630,3120,5920,9480.0
01512500,02-18,628.0,762,1100,1700,3340,5880,9050.0
01512500,02-19,650.0,754,1140,1650,3040,5600,9010.0
01512500,02-20,647.0,744,1100,1650,2940,6770,9560.0
01512500,02-21,614.0,716,1110,1700,3500,6680,9520.0
01512500,02-22,585.0,716,1060,1800,4080,7960,13200.0
01512500,02-23,585.0,754,1100,1770,4530,8850,10700.0
01512500,02-24,550.0,744,1120,2060,5190,9480,12000.0
01512500,02-25,585.0,732,1120,2150,4780,10400,12800.0
01512500,02-26,588.0,788,1190,2300,4240,9260,12300.0
01512500,02-27,601.0,804,1200,2150,4660,9230,10200.0
01512500,02-28,600.0,808,1230,2350,4390,8520,11200.0
01512500,02-29,414.0,582,963,1800,3510,6900,16600.0
01512500,03-01,599.0,800,1300,2400,4420,8080,10200.0
01512500,03-02,582.0,796,1270,2450,4200,6820,9470.0
01512500,03-03,605.0,856,1290,2400,4150,6960,10100.0
01512500,03-04,611.0,924,1350,2600,4490,7860,10700.0
01512500,03-05,688.0,962,1420,2540,4520,9980,12400.0
01512500,03-06,771.0,1020,1440,2800,5430,11100,13500.0
01512500,03-07,800.0,1030,1400,2700,7060,11900,13900.0
01512500,03-08,927.0,1090,1520,2990,6150,12500,14900.0
01512500,03-09,907.0,1020,1680,2990,6300,11200,15500.0
01512500,03-10,875.0,1020,1670,2870,6570,11900,13900.0
01512500,03-11,875.0,1120,1680,3280,6400,10700,13300.0
01512500,03-12,930.0,1140,1750,3370,7540,11500,12900.0
01512500,03-13,971.0,1200,1880,3800,7070,11800,16300.0
01512500,03-14,970.0,1250,2080,4250,8060,11600,15200.0
01512500,03-15,975.0,1230,2220,4150,7900,11800,16900.0
01512500,03-16,1100.0,1260,2370,4410,7350,11500,14900.0
01512500,03-17,1140.0,1360,2470,4110,6950,13000,17600.0
01512500,03-18,1280.0,1510,2470,3890,7130,11600,17100.0
01512500,03-19,1290.0,1590,2390,3720,7440,11900,14700.0
01512500,03-20,1370.0,1720,2380,3920,6810,10700,14400.0
01512500,03-21,1440.0,1810,2350,4110,7320,10800,13600.0
01512500,03-22,1480.0,1810,2590,4350,7430,10800,15300.0
01512500,03-23,1400.0,1800,2510,4060,7840,11300,14200.0
01512500,03-24,1530.0,1900,2510,3980,8000,11800,13200.0
01512500,03-25,1630.0,1800,2660,4720,8040,12300,15200.0
01512500,03-26,1720.0,1950,2890,4760,8820,13400,16700.0
01512500,03-27,1630.0,2040,3160,5110,9300,13400,21100.0
01512500,03-28,1680.0,2160,3680,5450,8830,12900,18300.0
01512500,03-29,1720.0,2240,3620,5710,8510,13200,15000.0
01512500,03-30,1960.0,2430,3560,5800,8470,12600,14900.0
01512500,03-31,1830.0,2480,3520,5660,8800,13800,18800.0
01512500,04-01,1760.0,2340,3440,5540,8830,14500,18300.0
01512500,04-02,1940.0,2640,3460,5530,10000,13900,19100.0
01512500,04-03,2050.0,2590,3990,5500,9510,14200,17300.0
01512500,04-04,2120.0,2530,3750,6210,9730,14800,16400.0
01512500,04-05,1960.0,2520,3520,6310,9960,14900,19000.0
01512500,04-06,2090.0,2410,3370,6330,11200,14800,21700.0
01512500,04-07,2070.0,2570,3530,6010,9880,15800,20600.0
01512500,04-08,2070.0,2710,3370,5700,9530,14100,16300.0
01512500,04-09,2180.0,2700,3480,5290,8930,13400,16300.0
01512500,04-10,2070.0,2510,3360,4950,8310,14100,16800.0
01512500,04-11,2010.0,2340,3150,4880,7710,12700,16000.0
01512500,04-12,1970.0,2140,3120,5100,8170,11900,13700.0
01512500,04-13,1860.0,2030,3260,5130,7860,10600,12900.0
01512500,04-14,1720.0,1890,3040,4970,7320,10500,13600.0
01512500,04-15,1580.0,1950,2830,4880,7140,10700,13000.0
01512500,04-16,1580.0,2050,2850,4330,6870,10800,12700.0
01512500,04-17,1590.0,1920,2650,4220,6570,10000,13900.0
01512500,04-18,1480.0,1930,2460,4080,7040,9440,13400.0
01512500,04-19,1480.0,1720,2360,3790,6450,9360,11200.0
01512500,04-20,1380.0,1740,2280,3910,6310,9670,11100.0
01512500,04-21,1320.0,1690,2180,3810,5680,9010,13100.0
01512500,04-22,1410.0,1590,2320,3630,5770,9450,11800.0
01512500,04-23,1400.0,1500,2320,3510,5780,8970,10800.0
01512500,04-24,1330.0,1530,2280,3370,5760,8350,10300.0
01512500,04-25,1270.0,1460,2200,3200,4910,8050,9710.0
01512500,04-26,1220.0,1540,2310,3140,4650,6950,10000.0
01512500,04-27,1180.0,1520,2200,2990,4530,6640,8440.0
01512500,04-28,1230.0,1570,2150,2840,4230,5790,7270.0
01512500,04-29,1410.0,1550,2070,2810,4070,5580,6990.0
01512500,04-30,1280.0,1410,1890,2840,3910,6210,7640.0
01512500,05-01,1200.0,1310,1750,2610,4210,6040,10400.0
01512500,05-02,1150.0,1350,1760,2530,3760,5780,9570.0
01512500,05-03,1070.0,1240,1720,2520,3630,5840,7600.0
01512500,05-04,1030.0,1170,1700,2380,3740,5980,7230.0
01512500,05-05,998.0,1100,1620,2270,3940,5960,6920.0
01512500,05-06,973.0,1060,1470,2220,3600,5610,7870.0
01512500,05-07,921.0,1030,1500,2200,3670,5580,8720.0
01512500,05-08,859.0,1010,1460,2090,3370,5870,9330.0
01512500,05-09,822.0,1040,1480,2210,3280,6690,8750.0
01512500,05-10,803.0,1050,1410,2310,3380,6130,7750.0
01512500,05-11,828.0,1040,1500,2270,3220,6220,9860.0
01512500,05-12,882.0,1040,1510,2260,3520,6380,8940.0
01512500,05-13,863.0,963,1430,2260,3870,7600,10100.0
01512500,05-14,826.0,935,1340,2050,3510,7030,10100.0
01512500,05-15,760.0,935,1320,1950,3370,5770,8620.0
01512500,05-16,696.0,888,1290,1980,3550,5340,6760.0
01512500,05-17,745.0,929,1240,2110,3470,5150,6830.0
01512500,05-18,694.0,865,1250,1940,2920,5330,7790.0
01512500,05-19,666.0,820,1170,1860,3340,4420,6950.0
01512500,05-20,670.0,775,1260,1960,3310,5280,6360.0
01512500,05-21,653.0,757,1210,1950,3360,5330,6670.0
01512500,05-22,651.0,732,1140,1850,2960,4940,6520.0
01512500,05-23,659.0,785,1060,1780,2980,4510,5790.0
01512500,05-24,707.0,836,1020,1840,2850,4560,5810.0
01512500,05-25,668.0,798,1020,1780,2810,4260,5610.0
01512500,05-26,665.0,745,957,1720,2630,3830,5510.0
01512500,05-27,637.0,707,920,1640,2400,3930,6650.0
01512500,05-28,642.0,672,891,1540,2430,3870,5780.0
01512500,05-29,622.0,654,916,1430,2340,3820,4980.0
01512500,05-30,581.0,664,849,1330,2190,3370,6130.0
01512500,05-31,558.0,592,828,1260,2100,3320,5640.0
01512500,06-01,538.0,572,793,1240,2200,3480,5860.0
01512500,06-02,520.0,572,775,1280,2210,3550,6960.0
01512500,06-03,519.0,540,757,1270,2010,3710,5710.0
01512500,06-04,506.0,548,782,1200,1850,3700,5500.0
01512500,06-05,491.0,550,756,1080,1790,3330,4700.0
01512500,06-06,477.0,547,725,1060,1910,3540,4920.0
01512500,06-07,479.0,539,720,1030,1880,3440,5240.0
01512500,06-08,463.0,519,675,1070,1780,3110,5190.0
01512500,06-09,430.0,495,714,1180,1860,3250,4450.0
01512500,06-10,401.0,486,665,1130,1830,3130,4640.0
01512500,06-11,380.0,483,647,1100,1750,2960,4850.0
01512500,06-12,373.0,479,634,992,1700,3550,5070.0
01512500,06-13,366.0,460,621,963,1780,2930,5200.0
01512500,06-14,394.0,448,686,965,1990,3190,6790.0
01512500,06-15,396.0,429,604,952,1760,4310,6040.0
01512500,06-16,390.0,439,577,899,1620,3320,6010.0
01512500,06-17,371.0,416,573,882,1520,4010,5650.0
01512500,06-18,364.0,422,578,855,1540,3490,4610.0
01512500,06-19,348.0,413,571,872,1790,3290,3790.0
01512500,06-20,351.0,402,538,816,1600,3100,3930.0
01512500,06-21,339.0,385,521,793,1600,2680,3560.0
01512500,06-22,330.0,365,515,771,1540,3550,7010.0
01512500,06-23,319.0,367,530,781,1580,3700,6410.0
01512500,06-24,313.0,346,509,760,1420,2870,8170.0
01512500,06-25,307.0,332,496,754,1370,3200,6400.0
01512500,06-26,291.0,328,467,794,1550,2860,4590.0
01512500,06-27,283.0,323,462,778,1500,2620,4640.0
01512500,06-28,279.0,324,461,761,1430,2930,6900.0
01512500,06-29,277.0,344,472,781,1480,3780,6790.0
01512500,06-30,270.0,315,464,811,1600,4180,7720.0
01512500,07-01,272.0,326,449,763,1530,4600,7520.0
01512500,07-02,276.0,309,439,788,1400,4150,7490.0
01512500,07-03,269.0,323,453,720,1500,3150,6550.0
01512500,07-04,262.0,305,424,723,1390,3110,6070.0
01512500,07-05,265.0,301,402,680,1340,2650,4490.0
01512500,07-06,257.0,294,406,710,1290,2760,3490.0
01512500,07-07,244.0,282,395,680,1180,2210,2760.0
01512500,07-08,244.0,278,378,645,1370,2540,5010.0
01512500,07-09,235.0,268,375,591,1290,2320,4060.0
01512500,07-10,231.0,273,405,660,1180,2260,5260.0
01512500,07-11,219.0,256,406,622,1090,2250,3320.0
01512500,07-12,221.0,253,404,655,1100,2210,3670.0
01512500,07-13,210.0,248,392,612,1110,2090,4370.0
01512500,07-14,207.0,249,377,587,1100,2060,4130.0
01512500,07-15,195.0,243,380,631,1020,1770,4330.0
01512500,07-16,195.0,244,368,590,951,2580,3360.0
01512500,07-17,208.0,244,361,555,907,2210,2860.0
01512500,07-18,208.0,242,350,545,841,1830,2610.0
01512500,07-19,204.0,240,360,519,807,1680,2130.0
01512500,07-20,202.0,230,367,518,802,1760,2580.0
01512500,07-21,194.0,223,361,506,768,1720,2300.0
01512500,07-22,192.0,219,352,538,922,1740,2340.0
01512500,07-23,187.0,230,340,530,992,2020,3580.0
01512500,07-24,182.0,229,328,540,1040,1870,4100.0
01512500,07-25,177.0,228,331,564,963,2020,3220.0
01512500,07-26,170.0,220,332,560,793,1630,2560.0
01512500,07-27,170.0,202,324,538,832,1830,2530.0
01512500,07-28,170.0,209,320,500,807,1850,2350.0
01512500,07-29,174.0,206,339,490,721,1680,2650.0
01512500,07-30,172.0,208,339,500,795,1660,2220.0
01512500,07-31,167.0,225,349,504,810,1470,2210.0
01512500,08-01,166.0,195,346,496,849,1600,2700.0
01512500,08-02,167.0,186,347,495,844,1590,2700.0
01512500,08-03,160.0,187,320,461,816,1400,2200.0
01512500,08-04,164.0,186,346,449,843,1350,2070.0
01512500,08-05,164.0,191,309,456,876,1410,2120.0
01512500,08-06,164.0,194,328,456,822,1440,1950.0
01512500,08-07,159.0,205,309,456,805,1460,1710.0
01512500,08-08,155.0,197,288,438,748,1300,1730.0
01512500,08-09,153.0,193,272,438,793,1570,4460.0
01512500,08-10,153.0,195,298,473,751,1500,5030.0
01512500,08-11,151.0,194,306,476,923,1540,4100.0
01512500,08-12,146.0,191,316,496,841,1710,3370.0
01512500,08-13,152.0,201,299,480,903,1750,2670.0
01512500,08-14,157.0,202,307,440,814,2300,2840.0
01512500,08-15,153.0,189,301,422,764,2120,2360.0
01512500,08-16,157.0,195,284,404,750,1610,2460.0
01512500,08-17,150.0,206,276,390,814,1480,2980.0
01512500,08-18,153.0,199,276,416,787,1840,2560.0
01512500,08-19,157.0,196,269,395,839,1780,3070.0
01512500,08-20,154.0,191,267,398,822,1750,2360.0
01512500,08-21,152.0,184,263,433,723,1490,2090.0
01512500,08-22,155.0,187,258,418,764,1430,2760.0
01512500,08-23,161.0,173,257,405,704,1370,3740.0
01512500,08-24,154.0,182,248,384,751,1880,4030.0
01512500,08-25,159.0,184,256,380,708,1490,2740.0
01512500,08-26,152.0,188,248,361,697,1450,2280.0
01512500,08-27,151.0,185,243,354,633,1570,2080.0
01512500,08-28,159.0,184,257,369,690,1690,2120.0
01512500,08-29,154.0,190,269,407,678,1980,2690.0
01512500,08-30,167.0,200,260,408,709,2250,3090.0
01512500,08-31,159.0,196,269,402,728,1540,2100.0
01512500,09-01,140.0,188,258,385,730,1410,2430.0
01512500,09-02,136.0,189,263,367,695,1580,2480.0
01512500,09-03,131.0,182,261,372,668,1520,2920.0
01512500,09-04,147.0,187,270,388,620,1510,2500.0
01512500,09-05,147.0,182,260,394,638,1280,2160.0
01512500,09-06,159.0,188,259,390,621,1360,1930.0
01512500,09-07,141.0,187,256,380,636,1400,1770.0
01512500,09-08,134.0,182,251,379,706,1260,1520.0
01512500,09-09,147.0,174,262,372,657,1120,1660.0
01512500,09-10,142.0,170,260,386,714,1360,1640.0
01512500,09-11,141.0,173,245,381,728,1620,3780.0
01512500,09-12,141.0,176,240,379,695,2050,3600.0
01512500,09-13,148.0,177,247,360,673,2040,3350.0
01512500,09-14,140.0,178,254,360,844,2030,2480.0
01512500,09-15,140.0,174,261,380,837,1720,2880.0
01512500,09-16,156.0,178,271,430,863,1640,2600.0
01512500,09-17,151.0,172,276,463,824,1910,2760.0
01512500,09-18,148.0,168,286,457,830,1650,3000.0
01512500,09-19,149.0,167,277,460,896,1710,2710.0
01512500,09-20,147.0,179,269,431,851,1760,3110.0
01512500,09-21,154.0,185,271,398,812,1500,3200.0
01512500,09-22,172.0,194,272,409,800,1580,2880.0
01512500,09-23,165.0,188,278,429,1100,2080,2570.0
01512500,09-24,169.0,186,280,420,1070,2170,3370.0
01512500,09-25,169.0,189,287,459,1020,2340,4920.0
01512500,09-26,169.0,214,283,446,851,1970,4060.0
01512500,09-27,164.0,211,281,447,930,2420,3500.0
01512500,09-28,168.0,215,284,441,1030,2730,6610.0
01512500,09-29,172.0,218,280,430,989,2940,5450.0
01512500,09-30,169.0,212,274,458,1150,2570,3940.0
01512500,10-01,181.0,220,270,438,1330,2140,6810.0
01512500,10-02,192.0,226,277,452,1070,2330,6970.0
01512500,10-03,191.0,228,297,426,1050,2760,7320.0
01512500,10-04,201.0,218,298,434,1100,3110,5130.0
01512500,10-05,189.0,212,305,465,1030,3100,4870.0
01512500,10-06,199.0,230,300,510,1070,3070,5910.0
01512500,10-07,192.0,219,302,516,1320,3090,4950.0
01512500,10-08,199.0,215,300,560,1230,3250,3970.0
01512500,10-09,196.0,221,297,528,1260,2610,4780.0
01512500,10-10,194.0,218,303,522,1190,2300,3790.0
01512500,10-11,189.0,217,303,533,1110,2050,4520.0
01512500,10-12,180.0,209,297,533,1030,1910,3890.0
01512500,10-13,187.0,211,291,520,1080,2940,4110.0
01512500,10-14,172.0,215,288,569,1060,2420,3780.0
01512500,10-15,170.0,213,294,624,1250,2940,4270.0
01512500,10-16,170.0,221,293,616,1380,3470,6120.0
01512500,10-17,166.0,220,312,617,1280,3600,5560.0
01512500,10-18,180.0,219,362,607,1380,3160,5250.0
01512500,10-19,187.0,226,366,637,1720,3390,5160.0
01512500,10-20,181.0,241,381,623,1950,4140,5460.0
01512500,10-21,189.0,237,383,688,1900,3960,9300.0
01512500,10-22,189.0,234,379,701,1870,3340,8230.0
01512500,10-23,193.0,232,375,740,1980,4520,6190.0
01512500,10-24,207.0,250,395,796,2130,3640,5050.0
01512500,10-25,202.0,269,438,915,2340,4580,6560.0
01512500,10-26,199.0,266,445,974,2410,4370,6970.0
01512500,10-27,202.0,273,425,1050,2750,4710,6320.0
01512500,10-28,227.0,267,428,1000,2550,5160,7730.0
01512500,10-29,240.0,279,480,971,2220,4680,11000.0
01512500,10-30,239.0,281,473,1030,2310,4940,9480.0
01512500,10-31,234.0,284,494,994,2620,5740,9180.0
01512500,11-01,230.0,281,538,1060,2530,5580,8820.0
01512500,11-02,242.0,284,562,1120,2440,5330,6170.0
01512500,11-03,234.0,281,620,1130,2520,4580,6340.0
01512500,11-04,231.0,307,636,1290,2650,4140,6080.0
01512500,11-05,253.0,337,668,1400,2560,3900,5770.0
01512500,11-06,257.0,338,620,1420,2690,3860,5810.0
01512500,11-07,272.0,362,672,1280,2660,3920,5680.0
01512500,11-08,283.0,383,718,1370,2590,3560,5670.0
01512500,11-09,281.0,387,705,1400,2540,4370,7390.0
01512500,11-10,284.0,368,806,1520,2490,5140,7270.0
01512500,11-11,345.0,396,809,1490,2690,4100,6840.0
01512500,11-12,358.0,455,913,1480,2610,4890,6150.0
01512500,11-13,378.0,443,901,1550,2870,4750,6580.0
01512500,11-14,384.0,456,868,1540,2960,4870,5830.0
01512500,11-15,360.0,486,854,1800,2680,4510,6020.0
01512500,11-16,380.0,475,915,1690,2910,5550,6600.0
01512500,11-17,380.0,471,913,1810,3270,5240,8210.0
01512500,11-18,378.0,451,896,1790,3360,6070,8720.0
01512500,11-19,359.0,436,893,1780,3130,5320,7490.0
01512500,11-20,365.0,473,946,1830,3430,4790,8730.0
01512500,11-21,401.0,510,931,1890,3580,5760,6970.0
01512500,11-22,404.0,588,986,2080,3200,5030,6310.0
01512500,11-23,408.0,520,1160,2060,3430,4770,7420.0
01512500,11-24,447.0,615,1130,2050,3310,4650,6420.0
01512500,11-25,463.0,641,1320,2120,3040,4760,6510.0
01512500,11-26,518.0,677,1340,2020,3060,5090,7050.0
01512500,11-27,561.0,702,1320,2180,3590,6000,9230.0
01512500,11-28,585.0,758,1330,2300,3660,6340,9700.0
01512500,11-29,575.0,862,1330,2390,3550,6190,9390.0
01512500,11-30,557.0,837,1430,2450,3450,6060,8290.0
01512500,12-01,630.0,772,1490,2510,3720,6340,7200.0
01512500,12-02,630.0,937,1470,2360,3520,7450,10500.0
01512500,12-03,626.0,907,1400,2280,3800,7420,9160.0
01512500,12-04,626.0,910,1340,2270,3850,6960,8880.0
01512500,12-05,655.0,887,1360,2410,4000,6550,8710.0
01512500,12-06,635.0,882,1420,2400,3980,7320,8590.0
01512500,12-07,672.0,953,1460,2330,3840,6060,7620.0
01512500,12-08,689.0,1000,1500,2310,3710,5600,6570.0
01512500,12-09,693.0,1140,1510,2290,3610,5550,5880.0
01512500,12-10,708.0,988,1480,2420,3680,5300,7420.0
01512500,12-11,717.0,950,1390,2240,3530,7240,8820.0
01512500,12-12,684.0,964,1350,2180,3580,6270,8750.0
01512500,12-13,675.0,1010,1420,2220,3730,7090,9740.0
01512500,12-14,665.0,1060,1360,2210,3700,6140,8280.0
01512500,12-15,680.0,970,1340,2130,3680,6090,11300.0
01512500,12-16,676.0,1000,1290,2020,3720,6210,7750.0
01512500,12-17,544.0,930,1320,2170,3520,5590,6980.0
01512500,12-18,549.0,980,1340,2200,3700,5190,7880.0
01512500,12-19,544.0,960,1300,2070,3420,6160,8360.0
01512500,12-20,534.0,890,1340,2030,3280,5790,6660.0
01512500,12-21,532.0,920,1300,2130,3330,5500,6700.0
01512500,12-22,534.0,955,1320,2000,3350,5750,7790.0
01512500,12-23,661.0,971,1300,2030,3330,6600,7450.0
01512500,12-24,740.0,1010,1400,2010,3880,6120,7680.0
01512500,12-25,795.0,980,1340,2200,3610,5860,9950.0
01512500,12-26,750.0,930,1340,2150,3810,5800,7670.0
01512500,12-27,785.0,900,1200,2050,3730,5490,6660.0
01512500,12-28,800.0,875,1210,2000,3690,5820,7080.0
01512500,12-29,766.0,910,1210,1880,4030,6310,9390.0
01512500,12-30,750.0,890,1180,1900,4090,6920,9170.0
01512500,12-31,688.0,820,1200,1780,4190,7050,10300.0
