,nwsid,usgsid,fgroup
0,SHBN6,01505000,Chenango
1,GNEN6,01507000,Chenango
2,CRTN6,01509000,Chenango
3,CINN6,01510000,Chenango
4,CNON6,01512500,Chenango
5,ESIN6,01500000,NBrSusquehanna
6,UNDN6,01500500,NBrSusquehanna
7,RCKN6,01502500,NBrSusquehanna
8,BAIN6,01502632,NBrSusquehanna
9,WSRN6,01502731,NBrSusquehanna
10,CKLN6,01503000,NBrSusquehanna
11,VSTN6,01513500,NBrSusquehanna
12,BNGN6,01503500,NBrSusquehanna
13,WVYN6,01515000,NBrSusquehanna
14,OWGN6,01513831,NBrSusquehanna
15,MFDP1,01516350,Chemung
16,TGRP1,01518000,Chemung
17,TGJP1,01518700,Chemung
18,LWVP1,01520000,Chemung
19,LDYN6,01520500,Chemung
20,WCRN6,01525500,Chemung
21,CMPN6,01529500,Chemung
22,CRNN6,01529950,Chemung
23,CMGN6,01531000,Chemung
24,CHEN6,01530332,Chemung
25,TOWP1,01531500,UpperMainStemSusq
26,MONP1,01532000,UpperMainStemSusq
27,MHPP1,01533400,UpperMainStemSusq
28,TNKP1,01534000,UpperMainStemSusq
29,OFRP1,01536000,UpperMainStemSusq
30,WBRP1,01536500,UpperMainStemSusq
31,BMBP1,01538700,UpperMainStemSusq
32,DANP1,01540500,UpperMainStemSusq
33,CRVP1,01541200,WBrSusquehanna
34,DMLP1,01541500,WBrSusquehanna
35,KARP1,01542500,WBrSusquehanna
36,SNNP1,01543500,WBrSusquehanna
37,SFFP1,01544000,WBrSusquehanna
38,WESP1,01545000,WBrSusquehanna
39,ROVP1,01545500,WBrSusquehanna
40,LHVP1,01545800,WBrSusquehanna
41,MSBP1,01547200,WBrSusquehanna
42,BCHP1,01547500,WBrSusquehanna
43,BECP1,01548005,WBrSusquehanna
44,CEDP1,01548500,WBrSusquehanna
45,JRSP1,01549760,WBrSusquehanna
46,LYCP1,01550500,WBrSusquehanna
47,WILP1,01551500,WBrSusquehanna
48,LOYP1,01552000,WBrSusquehanna
49,LWBP1,01553500,WBrSusquehanna
50,MCYP1,missing ,WBrSusquehanna
51,ILTP1,01553240,WBrSusquehanna
52,WIBP1,01556000,Juniata
53,SPKP1,01558000,Juniata
54,HUJP1,01559000,Juniata
55,SXTP1,01562000,Juniata
56,BELP1,01560000,
57,BEDP1,01559790,
58,RTBP1,01563200,Juniata
59,MPLP1,01563500,Juniata
60,SLYP1,01564512,Juniata
61,LWSP1,01564895,Juniata
62,PORP1,01566000,Juniata
63,NPTP1,01567000,Juniata
64,SBYP1,01554000,LowerMainStemSusq
65,PNCP1,01555000,LowerMainStemSusq
66,SMDP1,01568000,LowerMainStemSusq
67,HGSP1,01570000,LowerMainStemSusq
68,HARP1,01570500,LowerMainStemSusq
69,CPHP1,01571500,LowerMainStemSusq
70,HTVP1,01573000,LowerMainStemSusq
71,HERP1,01573560,LowerMainStemSusq
72,MTLP1,01573600,LowerMainStemSusq
73,MRTP1,01576000,LowerMainStemSusq
74,LNCP1,01576500,LowerMainStemSusq
75,CNWM2,01578310,LowerMainStemSusq
76,DWNN6,01417000,UpperDelaware
77,HVDN6,01417500,UpperDelaware
78,CKFN6,01420500,UpperDelaware
79,FSHN6,01421000,UpperDelaware
80,WALN6,01423000,UpperDelaware
81,CNNN6,01425000,UpperDelaware
82,HLEN6,01426500,UpperDelaware
83,LDVN6,01427207,UpperDelaware
84,CCRN6,01427510,UpperDelaware
85,BRYN6,01428500,UpperDelaware
86,HWYP1,01431500,UpperDelaware
87,MTMP1,01434000,UpperDelaware
88,NVXN6,01436000,UpperDelaware
89,BRGN6,01436690,UpperDelaware
90,NEVN6,01437500,UpperDelaware
91,MTGN4,01438500,UpperDelaware
92,WHTP1,01447800,Lehigh
93,LHTP1,01449000,Lehigh
94,PRRP1,01449800,Lehigh
95,WNTP1,01451000,Lehigh
96,ALNP1,01452000,Lehigh
97,BETP1,01453000,Lehigh
98,SHOP1,01439500,MiddleDelaware
99,TKSN4,01440200,MiddleDelaware
100,MNSP1,01442500,MiddleDelaware
101,BVDN4,01446500,MiddleDelaware
102,RGLN4,01457500,MiddleDelaware
103,ESTN4,01446995,MiddleDelaware
104,FREN4,01458500,MiddleDelaware
105,TREN4,01463500,MiddleDelaware
106,STKN4,01461500,MiddleDelaware
107,NHPP1,01462000,MiddleDelaware
108,WASN4,01462500,MiddleDelaware
109,TACN4,01464000,LowerDelaware
110,LNGP1,01465500,LowerDelaware
111,PEBN4,01467000,LowerDelaware
112,CDFP1,01481000,LowerDelaware
113,WMND1,01481500,LowerDelaware
114,BREP1,01470500,Schuylkill
115,BMRP1,01470960,Schuylkill
116,RDRP1,01471510,Schuylkill
117,PTNP1,01472000,Schuylkill
118,GRAP1,01473000,Schuylkill
119,PADP1,01474500,Schuylkill
120,NRSP1,01473500,Schuylkill
121,MILN4,01379000,Passaic
122,CAMN4,01379500,Passaic
123,BOTN4,01380450,Passaic
124,BONN4,01381000,Passaic
125,PINN4,01381900,Passaic
126,MCPN4,01382500,Passaic
127,WNQN4,01387000,Passaic
128,MAWN4,01387500,Passaic
129,PPTN4,01388000,Passaic
130,PPPN4,01388500,Passaic
131,SIGN4,01389010,Passaic
132,LTFN4,01389500,Passaic
133,LODN4,01391500,Passaic
134,STTN4,01397000,Raritan
135,RRTN4,01400000,Raritan
136,MNVN4,01400500,Raritan
137,BKWN4,01402000,Raritan
138,BDKN4,01403060,Raritan
139,KITM2,01595500,UpperPotomac
140,BNMW2,01595800,UpperPotomac
141,SRVM2,01597500,UpperPotomac
142,LUKM2,01598500,UpperPotomac
143,CWCM2,01601500,UpperPotomac
144,CBEM2,01603000,UpperPotomac
145,FKLW2,01605500,SBrPotomac
146,PETW2,01606500,SBrPotomac
147,MOFW2,01608000,SBrPotomac
148,SPRW2,01608500,SBrPotomac
149,PAWW2,01610000,MiddlePotomac
150,GCPW2,01611500,MiddlePotomac
151,HNKM2,01613000,MiddlePotomac
152,FAVM2,01614500,MiddlePotomac
153,MBGW2,01616500,MiddlePotomac
154,SHEW2,01618000,MiddlePotomac
155,SACM2,01619500,MiddlePotomac
156,WAYV2,01626000,Shenandoah
157,LYWV2,01628500,Shenandoah
158,SFSV2,01629500,Shenandoah
159,FROV2,01631000,Shenandoah
160,COOV2,01632000,Shenandoah
161,STGV2,01634000,Shenandoah
162,MILW2,01636500,Shenandoah
163,PORM2,01638500,LowerPotomac
164,FDKM2,01643000,LowerPotomac
165,LEEV2,01644000,LowerPotomac
166,DAWM2,01645000,LowerPotomac
167,EDFM2,01644148,LowerPotomac
168,BRKM2,01646500,LowerPotomac
169,RENV2,01664000,Rappahannock
170,CLPV2,01667500,Rappahannock
171,FDBV2,01668000,Rappahannock
172,JCKV2,02011800,JamesRNK
173,CVGV2,02013100,JamesRNK
174,COWV2,02016000,JamesRNK
175,LIRV2,02016500,JamesRNK
176,BNNV2,02019500,JamesRNK
177,BVSV2,02024000,JamesRNK
178,ROBV2,02021500,
179,JBIV2,02024752,
180,HRKV2,02025500,JamesRNK
181,BECV2,02026000,JamesRNK
182,SVEV2,02029000,JamesRNK
183,ARVV2,02030500,
184,HWRV2,02030000,
185,PYAV2,02034000,JamesAKQ
186,CARV2,02035000,JamesAKQ
187,RMDV2,02037500,JamesAKQ
188,FRMV2,02039500,JamesAKQ
189,MTXV2,02040000,JamesAKQ
190,MTCV2,02041650,JamesAKQ
191,DRYN6,01413408,
192,LDWN6,01422500,
193,LOCV2,01666500,
194,RUCV2,01665500,
195,BCVV2,02011400,JamesRNK
196,BKCV2,02011500,
197,DELN6,01421900,UpperDelaware
198,MRGN6,01413500,FFHStandAlone
199,ACOM2,01651000,
200,RVDM2,01649500,
201,CLAM2,01650500,DC Small Streams
202,TKPM2,01650800,DC Small Streams
203,SUNV2,02011470,
204,DWNP1,01480870,FFHStandAlone
205,DALP1,01555500,
206,KLIP1,01555400,
207,PKIP1,01534860,FFHStandAlone
208,WTVP1,01549700,WBrSusquehanna
209,ARHP1,01534500,FFHStandAlone
210,FCYP1,01534300,FFHStandAlone
211,HKCN6,01421500,UpperDelaware
